,中证500
2005-01-04,996.68
2005-01-05,986.57
2005-01-06,1003.49
2005-01-07,993.43
2005-01-10,996.93
2005-01-11,1006.21
2005-01-12,1008.01
2005-01-13,1008.1
2005-01-14,1012.7
2005-01-17,990.99
2005-01-18,977.6
2005-01-19,991.29
2005-01-20,983.2
2005-01-21,971.5
2005-01-24,1009.95
2005-01-25,1006.0
2005-01-26,997.64
2005-01-27,986.15
2005-01-28,971.37
2005-01-31,948.44
2005-02-01,919.8
2005-02-02,913.03
2005-02-03,963.75
2005-02-04,944.45
2005-02-16,967.43
2005-02-17,971.84
2005-02-18,977.12
2005-02-21,965.0
2005-02-22,982.42
2005-02-23,1008.29
2005-02-24,1018.29
2005-02-25,1024.57
2005-02-28,1023.19
2005-03-01,1020.6
2005-03-02,1021.36
2005-03-03,1004.1
2005-03-04,1011.2
2005-03-07,1004.34
2005-03-08,1007.68
2005-03-09,1031.6
2005-03-10,1032.27
2005-03-11,1003.78
2005-03-14,1009.18
2005-03-15,1007.89
2005-03-16,992.64
2005-03-17,983.11
2005-03-18,969.12
2005-03-21,947.57
2005-03-22,948.78
2005-03-23,921.07
2005-03-24,922.18
2005-03-25,933.17
2005-03-28,930.17
2005-03-29,922.66
2005-03-30,915.09
2005-03-31,887.07
2005-04-01,895.23
2005-04-04,919.14
2005-04-05,908.19
2005-04-06,901.74
2005-04-07,919.24
2005-04-08,931.77
2005-04-11,949.85
2005-04-12,947.12
2005-04-13,932.31
2005-04-14,952.54
2005-04-15,931.67
2005-04-18,910.89
2005-04-19,899.93
2005-04-20,902.22
2005-04-21,881.68
2005-04-22,865.82
2005-04-25,846.14
2005-04-26,839.25
2005-04-27,857.95
2005-04-28,837.38
2005-04-29,860.39
2005-05-09,848.09
2005-05-10,814.77
2005-05-11,816.82
2005-05-12,810.16
2005-05-13,806.73
2005-05-16,814.06
2005-05-17,806.81
2005-05-18,818.12
2005-05-19,824.83
2005-05-20,824.57
2005-05-23,816.2
2005-05-24,791.13
2005-05-25,808.52
2005-05-26,808.66
2005-05-27,797.18
2005-05-30,788.64
2005-05-31,798.33
2005-06-01,795.82
2005-06-02,777.47
2005-06-03,767.67
2005-06-06,764.66
2005-06-07,779.72
2005-06-08,782.01
2005-06-09,840.23
2005-06-10,850.02
2005-06-13,830.8
2005-06-14,835.35
2005-06-15,815.73
2005-06-16,795.76
2005-06-17,805.75
2005-06-20,799.47
2005-06-21,823.54
2005-06-22,814.91
2005-06-23,818.19
2005-06-24,807.68
2005-06-27,817.28
2005-06-28,832.16
2005-06-29,818.09
2005-06-30,813.15
2005-07-01,789.18
2005-07-04,756.03
2005-07-05,747.89
2005-07-06,744.8
2005-07-07,743.32
2005-07-08,746.29
2005-07-11,725.64
2005-07-12,712.31
2005-07-13,738.61
2005-07-14,732.01
2005-07-15,732.67
2005-07-18,712.32
2005-07-19,695.77
2005-07-20,703.17
2005-07-21,707.05
2005-07-22,704.61
2005-07-25,720.61
2005-07-26,718.62
2005-07-27,736.29
2005-07-28,750.4
2005-07-29,746.59
2005-08-01,744.77
2005-08-02,750.96
2005-08-03,764.94
2005-08-04,767.57
2005-08-05,765.39
2005-08-08,792.4
2005-08-09,800.84
2005-08-10,814.76
2005-08-11,823.72
2005-08-12,833.46
2005-08-15,814.84
2005-08-16,841.32
2005-08-17,837.9
2005-08-18,855.88
2005-08-19,816.96
2005-08-22,819.48
2005-08-23,830.74
2005-08-24,816.74
2005-08-25,827.01
2005-08-26,837.41
2005-08-29,839.31
2005-08-30,831.49
2005-08-31,827.23
2005-09-01,845.93
2005-09-02,866.55
2005-09-05,873.86
2005-09-06,885.36
2005-09-07,860.38
2005-09-08,890.19
2005-09-09,889.55
2005-09-12,878.73
2005-09-13,884.25
2005-09-14,906.21
2005-09-15,914.91
2005-09-16,918.26
2005-09-19,918.13
2005-09-20,931.88
2005-09-21,921.92
2005-09-22,906.05
2005-09-23,876.31
2005-09-26,867.22
2005-09-27,875.1
2005-09-28,855.8
2005-09-29,852.04
2005-09-30,871.23
2005-10-10,870.05
2005-10-11,857.64
2005-10-12,879.05
2005-10-13,888.3
2005-10-14,882.87
2005-10-17,874.85
2005-10-18,878.78
2005-10-19,893.47
2005-10-20,885.34
2005-10-21,886.43
2005-10-24,895.43
2005-10-25,896.69
2005-10-26,875.54
2005-10-27,851.08
2005-10-28,846.7
2005-10-31,823.23
2005-11-01,827.89
2005-11-02,823.21
2005-11-03,839.86
2005-11-04,828.04
2005-11-07,835.06
2005-11-08,841.93
2005-11-09,848.74
2005-11-10,843.62
2005-11-11,818.72
2005-11-14,821.78
2005-11-15,827.52
2005-11-16,820.07
2005-11-17,827.22
2005-11-18,824.8
2005-11-21,844.63
2005-11-22,847.18
2005-11-23,831.7
2005-11-24,837.68
2005-11-25,841.71
2005-11-28,841.21
2005-11-29,839.25
2005-11-30,826.34
2005-12-01,829.34
2005-12-02,827.15
2005-12-05,819.79
2005-12-06,795.11
2005-12-07,800.18
2005-12-08,807.41
2005-12-09,805.52
2005-12-12,820.11
2005-12-13,824.63
2005-12-14,824.86
2005-12-15,833.47
2005-12-16,827.16
2005-12-19,834.96
2005-12-20,834.89
2005-12-21,836.63
2005-12-22,830.45
2005-12-23,835.77
2005-12-26,846.93
2005-12-27,854.75
2005-12-28,854.64
2005-12-29,858.41
2005-12-30,868.44
2006-01-04,860.04
2006-01-05,872.09
2006-01-06,884.92
2006-01-09,893.53
2006-01-10,907.64
2006-01-11,910.76
2006-01-12,906.94
2006-01-13,930.3
2006-01-16,933.22
2006-01-17,918.52
2006-01-18,920.06
2006-01-19,941.17
2006-01-20,950.63
2006-01-23,955.09
2006-01-24,961.65
2006-01-25,960.03
2006-02-06,961.03
2006-02-07,983.34
2006-02-08,979.15
2006-02-09,982.18
2006-02-10,971.25
2006-02-13,981.63
2006-02-14,977.28
2006-02-15,987.09
2006-02-16,986.33
2006-02-17,961.25
2006-02-20,949.03
2006-02-21,943.11
2006-02-22,960.1
2006-02-23,959.13
2006-02-24,959.34
2006-02-27,968.21
2006-02-28,962.52
2006-03-01,966.84
2006-03-02,972.15
2006-03-03,951.93
2006-03-06,955.25
2006-03-07,951.64
2006-03-08,924.61
2006-03-09,923.32
2006-03-10,922.44
2006-03-13,921.23
2006-03-14,929.01
2006-03-15,931.27
2006-03-16,942.72
2006-03-17,944.95
2006-03-20,944.1
2006-03-21,957.89
2006-03-22,959.52
2006-03-23,972.72
2006-03-24,982.46
2006-03-27,974.56
2006-03-28,987.53
2006-03-29,995.69
2006-03-30,997.14
2006-03-31,988.96
2006-04-03,1001.32
2006-04-04,1029.11
2006-04-05,1039.78
2006-04-06,1052.35
2006-04-07,1056.29
2006-04-10,1071.19
2006-04-11,1097.27
2006-04-12,1095.08
2006-04-13,1097.29
2006-04-14,1058.71
2006-04-17,1086.24
2006-04-18,1094.36
2006-04-19,1098.58
2006-04-20,1102.27
2006-04-21,1091.66
2006-04-24,1106.12
2006-04-25,1091.84
2006-04-26,1103.75
2006-04-27,1119.67
2006-04-28,1117.51
2006-05-08,1148.08
2006-05-09,1188.8
2006-05-10,1227.29
2006-05-11,1247.12
2006-05-12,1239.76
2006-05-15,1303.38
2006-05-16,1347.19
2006-05-17,1302.61
2006-05-18,1311.43
2006-05-19,1332.16
2006-05-22,1370.5
2006-05-23,1388.03
2006-05-24,1333.31
2006-05-25,1304.08
2006-05-26,1330.23
2006-05-29,1362.84
2006-05-30,1391.62
2006-05-31,1408.91
2006-06-01,1402.34
2006-06-02,1462.61
2006-06-05,1461.02
2006-06-06,1482.8
2006-06-07,1470.26
2006-06-08,1357.3
2006-06-09,1371.4
2006-06-12,1339.54
2006-06-13,1350.74
2006-06-14,1351.34
2006-06-15,1346.0
2006-06-16,1362.06
2006-06-19,1367.06
2006-06-20,1397.16
2006-06-21,1414.94
2006-06-22,1409.15
2006-06-23,1408.42
2006-06-26,1433.24
2006-06-27,1460.9
2006-06-28,1463.24
2006-06-29,1465.86
2006-06-30,1495.51
2006-07-03,1489.46
2006-07-04,1516.7
2006-07-05,1508.36
2006-07-06,1498.04
2006-07-07,1544.97
2006-07-10,1542.9
2006-07-11,1551.64
2006-07-12,1564.45
2006-07-13,1558.43
2006-07-14,1442.33
2006-07-17,1467.26
2006-07-18,1494.96
2006-07-19,1503.68
2006-07-20,1470.53
2006-07-21,1483.04
2006-07-24,1464.27
2006-07-25,1498.23
2006-07-26,1521.89
2006-07-27,1523.15
2006-07-28,1504.58
2006-07-31,1487.78
2006-08-01,1422.27
2006-08-02,1409.63
2006-08-03,1402.93
2006-08-04,1401.62
2006-08-07,1349.24
2006-08-08,1323.0
2006-08-09,1365.16
2006-08-10,1367.32
2006-08-11,1391.47
2006-08-14,1397.92
2006-08-15,1355.88
2006-08-16,1383.83
2006-08-17,1406.44
2006-08-18,1392.16
2006-08-21,1339.52
2006-08-22,1392.23
2006-08-23,1409.88
2006-08-24,1402.83
2006-08-25,1418.12
2006-08-28,1425.48
2006-08-29,1460.52
2006-08-30,1452.74
2006-08-31,1469.86
2006-09-01,1477.48
2006-09-04,1456.68
2006-09-05,1488.02
2006-09-06,1491.83
2006-09-07,1497.54
2006-09-08,1470.83
2006-09-11,1474.47
2006-09-12,1482.0
2006-09-13,1488.14
2006-09-14,1464.45
2006-09-15,1468.06
2006-09-18,1487.86
2006-09-19,1510.14
2006-09-20,1510.35
2006-09-21,1516.26
2006-09-22,1522.79
2006-09-25,1508.2
2006-09-26,1513.47
2006-09-27,1506.8
2006-09-28,1523.03
2006-09-29,1537.7
2006-10-09,1562.49
2006-10-10,1581.11
2006-10-11,1587.64
2006-10-12,1591.39
2006-10-13,1566.01
2006-10-16,1577.25
2006-10-17,1566.74
2006-10-18,1568.13
2006-10-19,1589.39
2006-10-20,1598.13
2006-10-23,1586.82
2006-10-24,1535.85
2006-10-25,1579.58
2006-10-26,1568.82
2006-10-27,1555.11
2006-10-30,1527.01
2006-10-31,1526.53
2006-11-01,1541.61
2006-11-02,1548.2
2006-11-03,1545.68
2006-11-06,1540.08
2006-11-07,1540.8
2006-11-08,1524.98
2006-11-09,1518.72
2006-11-10,1539.21
2006-11-13,1496.42
2006-11-14,1443.57
2006-11-15,1461.26
2006-11-16,1485.91
2006-11-17,1459.71
2006-11-20,1476.48
2006-11-21,1465.83
2006-11-22,1478.12
2006-11-23,1500.12
2006-11-24,1509.63
2006-11-27,1532.54
2006-11-28,1567.01
2006-11-29,1561.78
2006-11-30,1599.04
2006-12-01,1626.75
2006-12-04,1631.61
2006-12-05,1666.44
2006-12-06,1674.31
2006-12-07,1644.81
2006-12-08,1618.16
2006-12-11,1565.95
2006-12-12,1626.03
2006-12-13,1627.57
2006-12-14,1636.55
2006-12-15,1667.72
2006-12-18,1699.07
2006-12-19,1720.57
2006-12-20,1706.2
2006-12-21,1755.49
2006-12-22,1721.33
2006-12-25,1742.5
2006-12-26,1747.98
2006-12-27,1727.82
2006-12-28,1739.86
2006-12-29,1706.54
2007-01-04,1738.93
2007-01-05,1719.28
2007-01-08,1773.02
2007-01-09,1855.35
2007-01-10,1896.71
2007-01-11,1946.5
2007-01-12,1941.35
2007-01-15,1881.47
2007-01-16,2002.57
2007-01-17,2064.29
2007-01-18,2025.85
2007-01-19,2097.5
2007-01-22,2183.44
2007-01-23,2267.45
2007-01-24,2260.71
2007-01-25,2271.52
2007-01-26,2143.99
2007-01-29,2201.59
2007-01-30,2271.47
2007-01-31,2251.32
2007-02-01,2120.01
2007-02-02,2170.03
2007-02-05,2122.37
2007-02-06,2158.5
2007-02-07,2209.65
2007-02-08,2245.08
2007-02-09,2282.63
2007-02-12,2291.66
2007-02-13,2351.65
2007-02-14,2386.83
2007-02-15,2451.44
2007-02-16,2528.84
2007-02-26,2557.25
2007-02-27,2654.44
2007-02-28,2370.95
2007-03-01,2526.15
2007-03-02,2458.26
2007-03-05,2508.39
2007-03-06,2501.29
2007-03-07,2525.53
2007-03-08,2587.75
2007-03-09,2637.6
2007-03-12,2639.89
2007-03-13,2701.5
2007-03-14,2704.45
2007-03-15,2703.93
2007-03-16,2769.15
2007-03-19,2623.74
2007-03-20,2761.01
2007-03-21,2821.44
2007-03-22,2869.75
2007-03-23,2862.63
2007-03-26,2915.05
2007-03-27,2995.46
2007-03-28,3048.5
2007-03-29,3005.06
2007-03-30,2878.24
2007-04-02,2935.21
2007-04-03,3004.9
2007-04-04,3049.92
2007-04-05,3076.76
2007-04-06,3110.95
2007-04-09,3201.15
2007-04-10,3253.67
2007-04-11,3267.61
2007-04-12,3316.2
2007-04-13,3393.96
2007-04-16,3362.73
2007-04-17,3482.36
2007-04-18,3572.7
2007-04-19,3642.85
2007-04-20,3456.74
2007-04-23,3667.55
2007-04-24,3813.53
2007-04-25,3802.69
2007-04-26,3814.82
2007-04-27,3861.05
2007-04-30,3831.55
2007-05-08,3990.71
2007-05-09,4107.55
2007-05-10,4103.57
2007-05-11,4101.65
2007-05-14,4051.84
2007-05-15,4140.33
2007-05-16,3981.82
2007-05-17,4146.32
2007-05-18,4219.61
2007-05-21,4089.85
2007-05-22,4402.92
2007-05-23,4486.02
2007-05-24,4606.15
2007-05-25,4559.43
2007-05-28,4707.69
2007-05-29,4782.41
2007-05-30,4486.51
2007-05-31,4329.81
2007-06-01,4260.77
2007-06-04,3901.79
2007-06-05,3430.55
2007-06-06,3676.69
2007-06-07,3751.67
2007-06-08,3970.28
2007-06-11,4057.17
2007-06-12,4138.33
2007-06-13,4263.62
2007-06-14,4365.98
2007-06-15,4262.75
2007-06-18,4400.4
2007-06-19,4446.69
2007-06-20,4539.58
2007-06-21,4372.35
2007-06-22,4376.38
2007-06-25,4139.28
2007-06-26,3739.19
2007-06-27,3944.36
2007-06-28,4017.18
2007-06-29,3636.31
2007-07-02,3571.72
2007-07-03,3675.35
2007-07-04,3711.61
2007-07-05,3562.28
2007-07-06,3359.09
2007-07-09,3627.98
2007-07-10,3704.88
2007-07-11,3581.91
2007-07-12,3659.4
2007-07-13,3671.46
2007-07-16,3654.86
2007-07-17,3514.28
2007-07-18,3601.29
2007-07-19,3615.97
2007-07-20,3642.33
2007-07-23,3813.98
2007-07-24,4012.79
2007-07-25,3991.35
2007-07-26,4135.06
2007-07-27,4171.89
2007-07-30,4279.04
2007-07-31,4349.61
2007-08-01,4423.04
2007-08-02,4181.49
2007-08-03,4376.96
2007-08-06,4446.21
2007-08-07,4510.08
2007-08-08,4435.79
2007-08-09,4392.99
2007-08-10,4443.12
2007-08-13,4343.73
2007-08-14,4329.95
2007-08-15,4448.92
2007-08-16,4396.9
2007-08-17,4422.65
2007-08-20,4475.4
2007-08-21,4598.38
2007-08-22,4566.17
2007-08-23,4708.67
2007-08-24,4752.3
2007-08-27,4802.43
2007-08-28,4706.03
2007-08-29,4711.04
2007-08-30,4721.39
2007-08-31,4872.0
2007-09-03,4941.98
2007-09-04,5032.55
2007-09-05,4985.5
2007-09-06,5036.06
2007-09-07,5036.79
2007-09-10,4881.12
2007-09-11,5041.23
2007-09-12,4692.4
2007-09-13,4788.87
2007-09-14,4892.23
2007-09-17,4926.84
2007-09-18,5068.11
2007-09-19,5106.86
2007-09-20,5043.42
2007-09-21,5093.25
2007-09-24,5040.3
2007-09-25,5054.47
2007-09-26,5010.22
2007-09-27,4934.37
2007-09-28,5009.9
2007-10-08,5169.23
2007-10-09,5089.64
2007-10-10,5157.89
2007-10-11,5110.68
2007-10-12,5005.56
2007-10-15,4896.83
2007-10-16,4898.38
2007-10-17,4942.83
2007-10-18,4923.34
2007-10-19,4831.99
2007-10-22,4775.68
2007-10-23,4689.11
2007-10-24,4700.0
2007-10-25,4564.34
2007-10-26,4196.25
2007-10-29,4251.17
2007-10-30,4303.7
2007-10-31,4422.6
2007-11-01,4557.64
2007-11-02,4372.87
2007-11-05,4306.73
2007-11-06,4365.14
2007-11-07,4404.77
2007-11-08,4373.63
2007-11-09,4174.46
2007-11-12,4090.91
2007-11-13,4121.09
2007-11-14,4149.89
2007-11-15,4258.37
2007-11-16,4175.57
2007-11-19,4228.58
2007-11-20,4305.54
2007-11-21,4381.34
2007-11-22,4254.81
2007-11-23,4084.58
2007-11-26,4238.58
2007-11-27,4130.1
2007-11-28,4118.45
2007-11-29,4108.44
2007-11-30,4189.25
2007-12-03,4113.21
2007-12-04,4174.79
2007-12-05,4190.48
2007-12-06,4281.9
2007-12-07,4295.29
2007-12-10,4304.75
2007-12-11,4495.5
2007-12-12,4520.93
2007-12-13,4533.09
2007-12-14,4359.81
2007-12-17,4512.38
2007-12-18,4489.42
2007-12-19,4490.77
2007-12-20,4576.09
2007-12-21,4603.76
2007-12-24,4724.17
2007-12-25,4780.47
2007-12-26,4829.59
2007-12-27,4933.73
2007-12-28,4972.08
2008-01-02,4963.05
2008-01-03,5129.05
2008-01-04,5241.09
2008-01-07,5237.94
2008-01-08,5358.81
2008-01-09,5176.27
2008-01-10,5372.82
2008-01-11,5385.9
2008-01-14,5382.73
2008-01-15,5451.64
2008-01-16,5461.88
2008-01-17,5380.82
2008-01-18,5268.9
2008-01-21,5331.67
2008-01-22,4976.79
2008-01-23,4662.71
2008-01-24,4951.38
2008-01-25,5081.31
2008-01-28,5073.63
2008-01-29,4757.19
2008-01-30,4878.4
2008-01-31,4839.4
2008-02-01,4653.54
2008-02-04,4570.11
2008-02-05,4818.54
2008-02-13,4798.57
2008-02-14,4842.94
2008-02-15,4884.37
2008-02-18,4953.03
2008-02-19,5054.61
2008-02-20,5152.28
2008-02-21,5068.03
2008-02-22,5140.12
2008-02-25,5038.63
2008-02-26,4974.71
2008-02-27,4880.16
2008-02-28,4986.44
2008-02-29,4984.4
2008-03-03,5044.94
2008-03-04,5246.41
2008-03-05,5171.78
2008-03-06,5229.78
2008-03-07,5194.66
2008-03-10,5081.11
2008-03-11,4906.14
2008-03-12,5095.97
2008-03-13,4829.24
2008-03-14,4665.83
2008-03-17,4641.92
2008-03-18,4237.3
2008-03-19,4065.0
2008-03-20,4112.7
2008-03-21,4347.27
2008-03-24,4459.51
2008-03-25,4233.95
2008-03-26,4383.73
2008-03-27,4298.39
2008-03-28,4072.04
2008-03-31,4129.93
2008-04-01,4024.44
2008-04-02,3725.19
2008-04-03,3469.78
2008-04-07,3544.31
2008-04-08,3832.92
2008-04-09,3887.99
2008-04-10,3639.61
2008-04-11,3831.04
2008-04-14,3778.69
2008-04-15,3588.23
2008-04-16,3717.13
2008-04-17,3632.82
2008-04-18,3483.85
2008-04-21,3578.8
2008-04-22,3264.66
2008-04-23,3238.46
2008-04-24,3692.55
2008-04-25,3716.51
2008-04-28,3696.93
2008-04-29,3714.79
2008-04-30,3771.19
2008-05-05,3943.2
2008-05-06,4015.55
2008-05-07,4001.59
2008-05-08,3805.33
2008-05-09,4014.17
2008-05-12,3926.05
2008-05-13,3944.54
2008-05-14,4076.88
2008-05-15,4186.75
2008-05-16,4126.65
2008-05-19,4059.28
2008-05-20,4070.79
2008-05-21,3757.06
2008-05-22,3866.7
2008-05-23,3857.22
2008-05-26,3804.3
2008-05-27,3712.76
2008-05-28,3749.6
2008-05-29,3839.54
2008-05-30,3744.25
2008-06-02,3747.59
2008-06-03,3789.03
2008-06-04,3759.88
2008-06-05,3690.86
2008-06-06,3662.05
2008-06-10,3487.05
2008-06-11,3250.44
2008-06-12,3209.92
2008-06-13,3202.26
2008-06-16,3041.7
2008-06-17,2974.09
2008-06-18,2767.8
2008-06-19,2927.16
2008-06-20,2718.78
2008-06-23,2726.45
2008-06-24,2708.78
2008-06-25,2805.59
2008-06-26,2965.46
2008-06-27,2902.01
2008-06-30,2762.34
2008-07-01,2819.53
2008-07-02,2768.72
2008-07-03,2776.92
2008-07-04,2931.84
2008-07-07,2948.69
2008-07-08,3101.29
2008-07-09,3148.61
2008-07-10,3186.59
2008-07-11,3133.69
2008-07-14,3111.58
2008-07-15,3208.55
2008-07-16,3072.41
2008-07-17,2991.35
2008-07-18,2935.65
2008-07-21,3002.46
2008-07-22,3138.76
2008-07-23,3161.21
2008-07-24,3137.44
2008-07-25,3167.9
2008-07-28,3190.28
2008-07-29,3179.78
2008-07-30,3184.23
2008-07-31,3139.78
2008-08-01,3001.0
2008-08-04,3044.14
2008-08-05,2988.34
2008-08-06,2913.87
2008-08-07,2899.84
2008-08-08,2924.93
2008-08-11,2699.08
2008-08-12,2467.68
2008-08-13,2454.89
2008-08-14,2458.8
2008-08-15,2478.16
2008-08-18,2479.39
2008-08-19,2255.72
2008-08-20,2316.68
2008-08-21,2484.82
2008-08-22,2412.88
2008-08-25,2379.21
2008-08-26,2347.81
2008-08-27,2230.15
2008-08-28,2232.71
2008-08-29,2242.16
2008-09-01,2290.41
2008-09-02,2224.8
2008-09-03,2246.73
2008-09-04,2233.11
2008-09-05,2193.56
2008-09-08,2146.75
2008-09-09,2044.3
2008-09-10,2044.03
2008-09-11,2068.18
2008-09-12,2032.35
2008-09-16,2036.38
2008-09-17,1988.78
2008-09-18,1915.32
2008-09-19,2072.61
2008-09-22,2213.53
2008-09-23,2108.51
2008-09-24,2006.01
2008-09-25,2091.39
2008-09-26,2144.52
2008-10-06,2092.35
2008-10-07,1994.02
2008-10-08,2005.91
2008-10-09,2034.55
2008-10-10,1901.03
2008-10-13,1814.54
2008-10-14,1932.08
2008-10-15,1801.39
2008-10-16,1741.12
2008-10-17,1717.58
2008-10-20,1725.56
2008-10-21,1793.66
2008-10-22,1765.61
2008-10-23,1716.3
2008-10-24,1764.81
2008-10-27,1711.82
2008-10-28,1570.99
2008-10-29,1662.04
2008-10-30,1585.52
2008-10-31,1590.45
2008-11-03,1553.88
2008-11-04,1533.75
2008-11-05,1519.8
2008-11-06,1530.03
2008-11-07,1512.98
2008-11-10,1585.29
2008-11-11,1671.24
2008-11-12,1648.08
2008-11-13,1686.07
2008-11-14,1802.25
2008-11-17,1864.31
2008-11-18,1949.21
2008-11-19,1803.41
2008-11-20,1916.87
2008-11-21,1890.98
2008-11-24,1920.55
2008-11-25,1869.02
2008-11-26,1825.34
2008-11-27,1961.97
2008-11-28,1845.3
2008-12-01,1836.42
2008-12-02,1878.35
2008-12-03,1972.4
2008-12-04,2062.64
2008-12-05,2024.41
2008-12-08,2128.68
2008-12-09,2196.03
2008-12-10,2123.04
2008-12-11,2195.48
2008-12-12,2107.48
2008-12-15,2063.91
2008-12-16,2058.67
2008-12-17,2117.65
2008-12-18,2135.68
2008-12-19,2175.76
2008-12-22,2196.39
2008-12-23,2197.79
2008-12-24,2020.96
2008-12-25,2015.96
2008-12-26,2006.13
2008-12-29,1977.21
2008-12-30,1983.46
2008-12-31,1973.41
2009-01-05,1969.63
2009-01-06,2016.87
2009-01-07,2092.74
2009-01-08,2069.22
2009-01-09,2050.32
2009-01-12,2105.15
2009-01-13,2116.11
2009-01-14,2078.45
2009-01-15,2143.05
2009-01-16,2192.03
2009-01-19,2209.13
2009-01-20,2188.61
2009-01-21,2187.18
2009-01-22,2232.81
2009-01-23,2253.32
2009-02-02,2258.51
2009-02-03,2307.89
2009-02-04,2380.62
2009-02-05,2421.36
2009-02-06,2390.24
2009-02-09,2528.8
2009-02-10,2564.75
2009-02-11,2609.01
2009-02-12,2666.49
2009-02-13,2714.64
2009-02-16,2833.29
2009-02-17,2844.22
2009-02-18,2676.81
2009-02-19,2661.6
2009-02-20,2694.78
2009-02-23,2769.63
2009-02-24,2838.24
2009-02-25,2780.33
2009-02-26,2769.24
2009-02-27,2528.6
2009-03-02,2385.84
2009-03-03,2416.11
2009-03-04,2508.27
2009-03-05,2680.32
2009-03-06,2621.23
2009-03-09,2661.95
2009-03-10,2505.93
2009-03-11,2646.61
2009-03-12,2572.39
2009-03-13,2606.88
2009-03-16,2563.02
2009-03-17,2608.23
2009-03-18,2711.17
2009-03-19,2737.38
2009-03-20,2799.79
2009-03-23,2784.89
2009-03-24,2871.44
2009-03-25,2849.92
2009-03-26,2784.89
2009-03-27,2871.39
2009-03-30,2880.53
2009-03-31,2825.93
2009-04-01,2924.39
2009-04-02,2972.74
2009-04-03,2983.22
2009-04-07,2941.39
2009-04-08,2959.81
2009-04-09,2862.11
2009-04-10,2932.01
2009-04-13,3030.7
2009-04-14,3047.77
2009-04-15,3084.04
2009-04-16,3151.0
2009-04-17,3152.36
2009-04-20,3111.47
2009-04-21,3173.53
2009-04-22,3219.34
2009-04-23,3013.09
2009-04-24,3070.35
2009-04-27,3034.24
2009-04-28,2900.09
2009-04-29,2963.21
2009-04-30,3051.14
2009-05-04,3096.39
2009-05-05,3208.27
2009-05-06,3215.6
2009-05-07,3278.99
2009-05-08,3227.22
2009-05-11,3269.02
2009-05-12,3105.86
2009-05-13,3215.97
2009-05-14,3211.21
2009-05-15,3255.45
2009-05-18,3265.0
2009-05-19,3313.91
2009-05-20,3328.12
2009-05-21,3288.24
2009-05-22,3235.41
2009-05-25,3176.16
2009-05-26,3274.63
2009-05-27,3287.99
2009-06-01,3302.0
2009-06-02,3346.07
2009-06-03,3351.78
2009-06-04,3373.38
2009-06-05,3379.92
2009-06-08,3355.91
2009-06-09,3347.86
2009-06-10,3373.03
2009-06-11,3399.55
2009-06-12,3376.59
2009-06-15,3303.74
2009-06-16,3330.63
2009-06-17,3346.65
2009-06-18,3410.63
2009-06-19,3433.2
2009-06-22,3451.87
2009-06-23,3365.24
2009-06-24,3394.77
2009-06-25,3435.0
2009-06-26,3433.73
2009-06-29,3451.78
2009-06-30,3483.58
2009-07-01,3446.45
2009-07-02,3516.31
2009-07-03,3519.7
2009-07-06,3593.62
2009-07-07,3588.67
2009-07-08,3567.59
2009-07-09,3637.39
2009-07-10,3706.56
2009-07-13,3711.45
2009-07-14,3762.32
2009-07-15,3824.33
2009-07-16,3860.68
2009-07-17,3827.25
2009-07-20,3863.47
2009-07-21,3922.11
2009-07-22,3817.86
2009-07-23,3900.01
2009-07-24,3945.24
2009-07-27,3918.27
2009-07-28,3974.01
2009-07-29,4013.03
2009-07-30,3773.15
2009-07-31,3826.19
2009-08-03,3944.7
2009-08-04,4024.68
2009-08-05,4065.43
2009-08-06,4040.22
2009-08-07,4008.23
2009-08-10,3935.04
2009-08-11,3946.15
2009-08-12,3944.34
2009-08-13,3772.67
2009-08-14,3780.39
2009-08-17,3558.32
2009-08-18,3326.87
2009-08-19,3427.1
2009-08-20,3247.21
2009-08-21,3366.46
2009-08-24,3472.49
2009-08-25,3523.81
2009-08-26,3466.22
2009-08-27,3585.37
2009-08-28,3615.07
2009-08-31,3477.12
2009-09-01,3242.93
2009-09-02,3229.02
2009-09-03,3266.18
2009-09-04,3422.95
2009-09-07,3503.0
2009-09-08,3505.44
2009-09-09,3598.01
2009-09-10,3598.27
2009-09-11,3567.62
2009-09-14,3653.47
2009-09-15,3742.45
2009-09-16,3764.57
2009-09-17,3785.25
2009-09-18,3879.1
2009-09-21,3704.17
2009-09-22,3793.79
2009-09-23,3693.03
2009-09-24,3572.48
2009-09-25,3555.47
2009-09-28,3546.34
2009-09-29,3430.29
2009-09-30,3396.93
2009-10-09,3456.08
2009-10-12,3586.04
2009-10-13,3591.61
2009-10-14,3668.37
2009-10-15,3711.1
2009-10-16,3712.92
2009-10-19,3719.53
2009-10-20,3827.63
2009-10-21,3859.51
2009-10-22,3827.18
2009-10-23,3858.45
2009-10-26,3914.61
2009-10-27,3884.56
2009-10-28,3794.99
2009-10-29,3786.73
2009-10-30,3823.8
2009-11-02,3754.94
2009-11-03,3970.45
2009-11-04,4057.02
2009-11-05,4082.87
2009-11-06,4147.83
2009-11-09,4148.43
2009-11-10,4193.66
2009-11-11,4172.66
2009-11-12,4203.62
2009-11-13,4200.67
2009-11-16,4295.72
2009-11-17,4381.99
2009-11-18,4386.13
2009-11-19,4412.1
2009-11-20,4462.58
2009-11-23,4516.28
2009-11-24,4607.03
2009-11-25,4333.7
2009-11-26,4519.13
2009-11-27,4262.57
2009-11-30,4251.96
2009-12-01,4405.73
2009-12-02,4547.98
2009-12-03,4582.26
2009-12-04,4614.68
2009-12-07,4508.63
2009-12-08,4584.16
2009-12-09,4524.62
2009-12-10,4517.7
2009-12-11,4546.61
2009-12-14,4533.36
2009-12-15,4507.16
2009-12-16,4509.82
2009-12-17,4506.37
2009-12-18,4318.06
2009-12-21,4195.12
2009-12-22,4260.74
2009-12-23,4132.15
2009-12-24,4213.82
2009-12-25,4342.35
2009-12-28,4388.78
2009-12-29,4451.93
2009-12-30,4459.72
2009-12-31,4444.25
2010-01-04,4508.93
2010-01-05,4513.4
2010-01-06,4553.37
2010-01-07,4540.01
2010-01-08,4439.21
2010-01-11,4549.32
2010-01-12,4535.3
2010-01-13,4544.43
2010-01-14,4598.41
2010-01-15,4720.22
2010-01-18,4744.33
2010-01-19,4835.83
2010-01-20,4830.42
2010-01-21,4646.62
2010-01-22,4613.19
2010-01-25,4515.13
2010-01-26,4467.52
2010-01-27,4290.74
2010-01-28,4266.06
2010-01-29,4316.24
2010-02-01,4366.49
2010-02-02,4344.04
2010-02-03,4299.97
2010-02-04,4342.68
2010-02-05,4312.55
2010-02-08,4299.25
2010-02-09,4300.32
2010-02-10,4333.85
2010-02-11,4367.72
2010-02-12,4365.62
2010-02-22,4412.55
2010-02-23,4414.05
2010-02-24,4438.4
2010-02-25,4565.74
2010-02-26,4618.64
2010-03-01,4635.95
2010-03-02,4692.61
2010-03-03,4690.44
2010-03-04,4763.64
2010-03-05,4590.89
2010-03-08,4618.86
2010-03-09,4653.06
2010-03-10,4659.5
2010-03-11,4594.5
2010-03-12,4561.61
2010-03-15,4485.88
2010-03-16,4453.81
2010-03-17,4500.43
2010-03-18,4628.0
2010-03-19,4632.05
2010-03-22,4669.41
2010-03-23,4690.27
2010-03-24,4662.99
2010-03-25,4675.22
2010-03-26,4609.75
2010-03-29,4701.79
2010-03-30,4720.58
2010-03-31,4744.34
2010-04-01,4756.3
2010-04-02,4833.81
2010-04-06,4853.33
2010-04-07,4851.83
2010-04-08,4856.41
2010-04-09,4866.52
2010-04-12,4948.1
2010-04-13,4977.76
2010-04-14,4910.7
2010-04-15,4975.08
2010-04-16,4900.6
2010-04-19,4850.86
2010-04-20,4680.2
2010-04-21,4753.12
2010-04-22,4881.25
2010-04-23,4892.04
2010-04-26,4868.72
2010-04-27,4852.19
2010-04-28,4682.33
2010-04-29,4730.49
2010-04-30,4540.65
2010-05-04,4353.45
2010-05-05,4388.5
2010-05-06,4557.45
2010-05-07,4313.65
2010-05-10,4346.7
2010-05-11,4350.77
2010-05-12,4100.6
2010-05-13,4042.31
2010-05-14,4129.89
2010-05-17,4125.66
2010-05-18,3894.09
2010-05-19,3946.15
2010-05-20,3941.61
2010-05-21,3787.15
2010-05-24,4016.35
2010-05-25,4134.93
2010-05-26,4117.49
2010-05-27,4133.33
2010-05-28,4254.85
2010-05-31,4214.62
2010-06-01,4059.41
2010-06-02,4004.13
2010-06-03,4099.85
2010-06-04,4025.28
2010-06-07,4000.65
2010-06-08,4064.78
2010-06-09,4124.81
2010-06-10,4191.29
2010-06-11,4239.06
2010-06-17,4221.6
2010-06-18,4131.68
2010-06-21,3960.25
2010-06-22,4081.64
2010-06-23,4098.26
2010-06-24,4090.97
2010-06-25,4079.19
2010-06-28,4023.11
2010-06-29,3960.68
2010-06-30,3699.18
2010-07-01,3657.96
2010-07-02,3600.76
2010-07-05,3535.74
2010-07-06,3556.19
2010-07-07,3672.15
2010-07-08,3729.24
2010-07-09,3699.31
2010-07-12,3809.75
2010-07-13,3816.46
2010-07-14,3795.21
2010-07-15,3817.18
2010-07-16,3713.66
2010-07-19,3718.13
2010-07-20,3849.04
2010-07-21,3953.77
2010-07-22,3947.99
2010-07-23,4020.91
2010-07-26,4023.06
2010-07-27,4062.25
2010-07-28,4061.02
2010-07-29,4170.76
2010-07-30,4181.22
2010-08-02,4192.66
2010-08-03,4277.27
2010-08-04,4178.19
2010-08-05,4247.05
2010-08-06,4260.63
2010-08-09,4357.18
2010-08-10,4412.27
2010-08-11,4230.35
2010-08-12,4248.98
2010-08-13,4240.5
2010-08-16,4322.02
2010-08-17,4436.38
2010-08-18,4462.58
2010-08-19,4456.27
2010-08-20,4442.69
2010-08-23,4363.17
2010-08-24,4401.52
2010-08-25,4428.36
2010-08-26,4376.92
2010-08-27,4393.99
2010-08-30,4453.05
2010-08-31,4541.77
2010-09-01,4595.21
2010-09-02,4562.43
2010-09-03,4632.26
2010-09-06,4682.26
2010-09-07,4650.95
2010-09-08,4660.9
2010-09-09,4730.86
2010-09-10,4655.7
2010-09-13,4713.06
2010-09-14,4796.46
2010-09-15,4802.61
2010-09-16,4721.55
2010-09-17,4616.57
2010-09-20,4608.85
2010-09-21,4561.67
2010-09-27,4570.61
2010-09-28,4672.15
2010-09-29,4648.16
2010-09-30,4564.81
2010-10-08,4696.38
2010-10-11,4784.65
2010-10-12,4772.91
2010-10-13,4808.39
2010-10-14,4842.69
2010-10-15,4654.27
2010-10-18,4699.03
2010-10-19,4637.96
2010-10-20,4682.65
2010-10-21,4805.7
2010-10-22,4837.33
2010-10-25,4894.85
2010-10-26,5010.02
2010-10-27,5046.21
2010-10-28,4978.54
2010-10-29,5005.66
2010-11-01,5072.76
2010-11-02,5211.47
2010-11-03,5165.91
2010-11-04,5104.77
2010-11-05,5274.57
2010-11-08,5338.51
2010-11-09,5435.36
2010-11-10,5459.4
2010-11-11,5462.76
2010-11-12,5411.87
2010-11-15,5117.16
2010-11-16,5259.51
2010-11-17,4989.8
2010-11-18,4885.91
2010-11-19,4959.06
2010-11-22,5049.46
2010-11-23,5129.37
2010-11-24,5022.13
2010-11-25,5228.27
2010-11-26,5255.26
2010-11-29,5214.45
2010-11-30,5238.5
2010-12-01,5090.4
2010-12-02,5175.26
2010-12-03,5135.83
2010-12-06,5103.86
2010-12-07,4999.59
2010-12-08,5077.55
2010-12-09,5047.04
2010-12-10,4944.93
2010-12-13,5063.01
2010-12-14,5194.94
2010-12-15,5244.8
2010-12-16,5219.08
2010-12-17,5212.14
2010-12-20,5246.42
2010-12-21,5166.34
2010-12-22,5225.77
2010-12-23,5161.26
2010-12-24,5046.94
2010-12-27,4993.38
2010-12-28,4820.82
2010-12-29,4730.63
2010-12-30,4810.44
2010-12-31,4833.89
2011-01-04,4964.21
2011-01-05,4989.1
2011-01-06,5026.33
2011-01-07,4990.7
2011-01-10,4966.56
2011-01-11,4811.16
2011-01-12,4813.48
2011-01-13,4851.68
2011-01-14,4816.66
2011-01-17,4690.88
2011-01-18,4502.06
2011-01-19,4538.99
2011-01-20,4637.77
2011-01-21,4459.99
2011-01-24,4506.61
2011-01-25,4390.16
2011-01-26,4339.86
2011-01-27,4397.93
2011-01-28,4497.83
2011-01-31,4544.33
2011-02-01,4612.4
2011-02-09,4597.54
2011-02-10,4604.84
2011-02-11,4736.27
2011-02-14,4792.85
2011-02-15,4878.68
2011-02-16,4860.89
2011-02-17,4962.13
2011-02-18,4977.22
2011-02-21,4911.81
2011-02-22,5052.36
2011-02-23,4891.24
2011-02-24,4976.34
2011-02-25,5019.5
2011-02-28,5040.22
2011-03-01,5099.7
2011-03-02,5099.48
2011-03-03,5106.39
2011-03-04,5005.55
2011-03-07,5085.46
2011-03-08,5135.35
2011-03-09,5168.13
2011-03-10,5174.03
2011-03-11,5118.07
2011-03-14,5127.14
2011-03-15,5178.08
2011-03-16,5122.27
2011-03-17,5151.64
2011-03-18,5133.77
2011-03-21,5120.67
2011-03-22,5093.41
2011-03-23,5084.77
2011-03-24,5159.2
2011-03-25,5164.82
2011-03-28,5223.07
2011-03-29,5185.68
2011-03-30,5101.11
2011-03-31,5065.12
2011-04-01,4999.76
2011-04-06,5046.9
2011-04-07,5056.09
2011-04-08,5087.31
2011-04-11,5157.07
2011-04-12,5096.57
2011-04-13,5098.64
2011-04-14,5162.31
2011-04-15,5143.3
2011-04-18,5149.34
2011-04-19,5149.66
2011-04-20,5116.11
2011-04-21,5169.62
2011-04-22,5187.76
2011-04-25,5152.07
2011-04-26,5033.79
2011-04-27,4977.95
2011-04-28,4920.94
2011-04-29,4749.53
2011-05-03,4836.86
2011-05-04,4900.44
2011-05-05,4792.13
2011-05-06,4787.52
2011-05-09,4855.84
2011-05-10,4893.95
2011-05-11,4919.24
2011-05-12,4896.33
2011-05-13,4860.03
2011-05-16,4900.0
2011-05-17,4892.29
2011-05-18,4859.32
2011-05-19,4912.81
2011-05-20,4875.08
2011-05-23,4853.9
2011-05-24,4656.01
2011-05-25,4667.64
2011-05-26,4635.95
2011-05-27,4561.77
2011-05-30,4403.0
2011-05-31,4347.99
2011-06-01,4439.39
2011-06-02,4434.86
2011-06-03,4425.49
2011-06-07,4496.96
2011-06-08,4542.7
2011-06-09,4552.07
2011-06-10,4442.51
2011-06-13,4439.87
2011-06-14,4466.99
2011-06-15,4531.36
2011-06-16,4461.26
2011-06-17,4392.98
2011-06-20,4325.6
2011-06-21,4286.36
2011-06-22,4341.36
2011-06-23,4307.81
2011-06-24,4390.09
2011-06-27,4511.76
2011-06-28,4569.76
2011-06-29,4570.84
2011-06-30,4506.75
2011-07-01,4589.17
2011-07-04,4617.95
2011-07-05,4722.33
2011-07-06,4742.17
2011-07-07,4757.07
2011-07-08,4755.75
2011-07-11,4741.98
2011-07-12,4762.09
2011-07-13,4729.2
2011-07-14,4833.75
2011-07-15,4853.75
2011-07-18,4902.22
2011-07-19,4871.68
2011-07-20,4864.28
2011-07-21,4846.34
2011-07-22,4791.46
2011-07-25,4784.97
2011-07-26,4604.99
2011-07-27,4621.5
2011-07-28,4670.92
2011-07-29,4678.78
2011-08-01,4622.7
2011-08-02,4627.38
2011-08-03,4565.76
2011-08-04,4631.42
2011-08-05,4504.08
2011-08-08,4494.38
2011-08-09,4199.13
2011-08-10,4389.15
2011-08-11,4283.24
2011-08-12,4483.85
2011-08-15,4514.65
2011-08-16,4578.35
2011-08-17,4520.68
2011-08-18,4510.13
2011-08-19,4341.19
2011-08-22,4395.03
2011-08-23,4376.26
2011-08-24,4453.43
2011-08-25,4432.41
2011-08-26,4506.09
2011-08-29,4509.89
2011-08-30,4511.25
2011-08-31,4449.68
2011-09-01,4435.33
2011-09-02,4387.3
2011-09-05,4305.44
2011-09-06,4205.09
2011-09-07,4221.99
2011-09-08,4320.53
2011-09-09,4256.48
2011-09-13,4176.3
2011-09-14,4176.04
2011-09-15,4215.37
2011-09-16,4229.0
2011-09-19,4200.48
2011-09-20,4121.03
2011-09-21,4150.82
2011-09-22,4241.42
2011-09-23,4079.06
2011-09-26,4102.61
2011-09-27,4077.23
2011-09-28,4088.78
2011-09-29,3977.14
2011-09-30,3875.02
2011-10-10,3866.85
2011-10-11,3919.44
2011-10-12,3803.96
2011-10-13,3943.16
2011-10-14,3994.73
2011-10-17,3993.75
2011-10-18,3974.46
2011-10-19,3882.02
2011-10-20,3841.26
2011-10-21,3733.7
2011-10-24,3675.72
2011-10-25,3735.63
2011-10-26,3818.24
2011-10-27,3890.26
2011-10-28,3932.85
2011-10-31,3975.07
2011-11-01,3963.37
2011-11-02,3937.9
2011-11-03,4085.5
2011-11-04,4115.1
2011-11-07,4125.02
2011-11-08,4115.77
2011-11-09,4065.2
2011-11-10,4080.36
2011-11-11,4069.4
2011-11-14,4092.06
2011-11-15,4159.16
2011-11-16,4194.38
2011-11-17,4086.51
2011-11-18,4054.46
2011-11-21,3956.39
2011-11-22,3932.5
2011-11-23,3964.14
2011-11-24,3909.39
2011-11-25,3931.1
2011-11-28,3916.0
2011-11-29,3945.36
2011-11-30,3974.73
2011-12-01,3923.16
2011-12-02,3878.01
2011-12-05,3806.47
2011-12-06,3679.74
2011-12-07,3689.05
2011-12-08,3695.87
2011-12-09,3672.59
2011-12-12,3663.56
2011-12-13,3597.09
2011-12-14,3477.05
2011-12-15,3401.5
2011-12-16,3328.21
2011-12-19,3408.56
2011-12-20,3422.76
2011-12-21,3449.37
2011-12-22,3315.84
2011-12-23,3286.45
2011-12-26,3321.98
2011-12-27,3297.41
2011-12-28,3201.31
2011-12-29,3190.19
2011-12-30,3214.19
2012-01-04,3290.82
2012-01-05,3173.01
2012-01-06,3060.45
2012-01-09,3089.45
2012-01-10,3211.57
2012-01-11,3342.55
2012-01-12,3330.9
2012-01-13,3343.53
2012-01-16,3201.01
2012-01-17,3128.51
2012-01-18,3310.04
2012-01-19,3230.87
2012-01-20,3276.48
2012-01-30,3326.61
2012-01-31,3284.9
2012-02-01,3287.22
2012-02-02,3271.59
2012-02-03,3324.4
2012-02-06,3387.22
2012-02-07,3397.77
2012-02-08,3351.04
2012-02-09,3441.79
2012-02-10,3463.97
2012-02-13,3458.81
2012-02-14,3516.61
2012-02-15,3518.79
2012-02-16,3572.32
2012-02-17,3582.51
2012-02-20,3610.74
2012-02-21,3569.23
2012-02-22,3617.18
2012-02-23,3686.73
2012-02-24,3698.68
2012-02-27,3767.6
2012-02-28,3748.34
2012-02-29,3733.63
2012-03-01,3679.04
2012-03-02,3719.96
2012-03-05,3805.68
2012-03-06,3786.16
2012-03-07,3718.76
2012-03-08,3741.48
2012-03-09,3802.09
2012-03-12,3852.61
2012-03-13,3867.97
2012-03-14,3924.49
2012-03-15,3726.37
2012-03-16,3693.32
2012-03-19,3788.39
2012-03-20,3819.72
2012-03-21,3757.0
2012-03-22,3754.87
2012-03-23,3727.15
2012-03-26,3661.39
2012-03-27,3681.74
2012-03-28,3638.77
2012-03-29,3471.36
2012-03-30,3422.81
2012-04-05,3420.03
2012-04-06,3530.63
2012-04-09,3544.01
2012-04-10,3496.12
2012-04-11,3513.5
2012-04-12,3568.81
2012-04-13,3653.6
2012-04-16,3644.67
2012-04-17,3679.92
2012-04-18,3637.55
2012-04-19,3712.53
2012-04-20,3696.66
2012-04-23,3731.55
2012-04-24,3658.62
2012-04-25,3654.75
2012-04-26,3720.74
2012-04-27,3690.16
2012-05-02,3707.82
2012-05-03,3707.51
2012-05-04,3730.72
2012-05-07,3741.66
2012-05-08,3783.08
2012-05-09,3759.39
2012-05-10,3713.4
2012-05-11,3727.59
2012-05-14,3745.83
2012-05-15,3679.34
2012-05-16,3696.61
2012-05-17,3656.83
2012-05-18,3691.64
2012-05-21,3650.92
2012-05-22,3666.14
2012-05-23,3702.81
2012-05-24,3697.92
2012-05-25,3675.51
2012-05-28,3622.13
2012-05-29,3686.57
2012-05-30,3739.04
2012-05-31,3732.47
2012-06-01,3752.02
2012-06-04,3684.04
2012-06-05,3625.14
2012-06-06,3621.64
2012-06-07,3635.57
2012-06-08,3615.11
2012-06-11,3565.34
2012-06-12,3611.92
2012-06-13,3615.71
2012-06-14,3669.04
2012-06-15,3657.79
2012-06-18,3663.14
2012-06-19,3681.68
2012-06-20,3663.99
2012-06-21,3628.22
2012-06-25,3576.37
2012-06-26,3474.16
2012-06-27,3486.51
2012-06-28,3484.23
2012-06-29,3413.33
2012-07-02,3491.75
2012-07-03,3507.63
2012-07-04,3519.51
2012-07-05,3486.81
2012-07-06,3436.31
2012-07-09,3464.02
2012-07-10,3386.63
2012-07-11,3358.56
2012-07-12,3398.62
2012-07-13,3435.17
2012-07-16,3434.51
2012-07-17,3297.15
2012-07-18,3328.12
2012-07-19,3343.24
2012-07-20,3382.82
2012-07-23,3347.87
2012-07-24,3317.22
2012-07-25,3350.9
2012-07-26,3329.01
2012-07-27,3312.38
2012-07-30,3280.1
2012-07-31,3211.1
2012-08-01,3152.73
2012-08-02,3212.05
2012-08-03,3203.11
2012-08-06,3250.79
2012-08-07,3336.22
2012-08-08,3363.76
2012-08-09,3351.45
2012-08-10,3400.93
2012-08-13,3386.03
2012-08-14,3312.81
2012-08-15,3340.88
2012-08-16,3301.74
2012-08-17,3283.26
2012-08-20,3270.99
2012-08-21,3287.73
2012-08-22,3338.08
2012-08-23,3303.7
2012-08-24,3318.85
2012-08-27,3250.69
2012-08-28,3179.78
2012-08-29,3197.34
2012-08-30,3174.31
2012-08-31,3122.53
2012-09-03,3135.23
2012-09-04,3202.49
2012-09-05,3158.01
2012-09-06,3187.11
2012-09-07,3240.65
2012-09-10,3343.81
2012-09-11,3352.62
2012-09-12,3360.26
2012-09-13,3374.79
2012-09-14,3356.24
2012-09-17,3334.71
2012-09-18,3222.98
2012-09-19,3227.36
2012-09-20,3253.53
2012-09-21,3153.61
2012-09-24,3129.54
2012-09-25,3159.13
2012-09-26,3138.8
2012-09-27,3065.58
2012-09-28,3129.77
2012-10-08,3198.88
2012-10-09,3185.21
2012-10-10,3257.45
2012-10-11,3288.05
2012-10-12,3256.97
2012-10-15,3237.29
2012-10-16,3219.42
2012-10-17,3237.64
2012-10-18,3241.27
2012-10-19,3292.95
2012-10-22,3269.04
2012-10-23,3298.45
2012-10-24,3242.87
2012-10-25,3257.72
2012-10-26,3221.07
2012-10-29,3158.11
2012-10-30,3156.74
2012-10-31,3159.22
2012-11-01,3169.8
2012-11-02,3229.96
2012-11-05,3244.3
2012-11-06,3233.42
2012-11-07,3210.85
2012-11-08,3183.08
2012-11-09,3123.09
2012-11-12,3118.11
2012-11-13,3136.95
2012-11-14,3069.38
2012-11-15,3066.89
2012-11-16,3021.29
2012-11-19,3007.68
2012-11-20,3023.08
2012-11-21,3000.94
2012-11-22,3021.3
2012-11-23,2993.17
2012-11-26,3004.17
2012-11-27,2960.61
2012-11-28,2854.08
2012-11-29,2799.96
2012-11-30,2773.23
2012-12-03,2816.3
2012-12-04,2739.5
2012-12-05,2775.41
2012-12-06,2884.81
2012-12-07,2883.16
2012-12-10,2951.0
2012-12-11,2993.38
2012-12-12,2978.72
2012-12-13,2976.58
2012-12-14,2939.31
2012-12-17,3073.92
2012-12-18,3087.32
2012-12-19,3082.38
2012-12-20,3092.92
2012-12-21,3110.82
2012-12-24,3093.97
2012-12-25,3110.97
2012-12-26,3187.2
2012-12-27,3232.79
2012-12-28,3195.2
2012-12-31,3242.96
2013-01-04,3297.04
2013-01-07,3253.67
2013-01-08,3288.13
2013-01-09,3321.76
2013-01-10,3335.09
2013-01-11,3357.47
2013-01-14,3264.15
2013-01-15,3390.33
2013-01-16,3448.28
2013-01-17,3444.47
2013-01-18,3416.45
2013-01-21,3475.2
2013-01-22,3487.57
2013-01-23,3422.77
2013-01-24,3442.62
2013-01-25,3363.43
2013-01-28,3362.47
2013-01-29,3451.66
2013-01-30,3482.57
2013-01-31,3497.28
2013-02-01,3471.27
2013-02-04,3517.46
2013-02-05,3466.59
2013-02-06,3521.66
2013-02-07,3539.48
2013-02-08,3554.15
2013-02-18,3625.03
2013-02-19,3624.94
2013-02-20,3555.59
2013-02-21,3612.72
2013-02-22,3552.67
2013-02-25,3551.6
2013-02-26,3573.95
2013-02-27,3538.94
2013-02-28,3544.06
2013-03-01,3608.62
2013-03-04,3614.56
2013-03-05,3516.53
2013-03-06,3605.36
2013-03-07,3648.28
2013-03-08,3608.9
2013-03-11,3568.62
2013-03-12,3570.47
2013-03-13,3473.27
2013-03-14,3443.78
2013-03-15,3466.89
2013-03-18,3461.87
2013-03-19,3421.74
2013-03-20,3436.85
2013-03-21,3527.76
2013-03-22,3561.12
2013-03-25,3581.31
2013-03-26,3556.3
2013-03-27,3541.38
2013-03-28,3526.54
2013-03-29,3449.28
2013-04-01,3449.54
2013-04-02,3471.69
2013-04-03,3429.89
2013-04-08,3354.44
2013-04-09,3411.4
2013-04-10,3444.46
2013-04-11,3442.93
2013-04-12,3418.3
2013-04-15,3382.0
2013-04-16,3313.51
2013-04-17,3381.61
2013-04-18,3396.01
2013-04-19,3423.44
2013-04-22,3478.04
2013-04-23,3509.2
2013-04-24,3417.4
2013-04-25,3473.01
2013-04-26,3427.15
2013-05-02,3354.47
2013-05-03,3391.22
2013-05-06,3456.28
2013-05-07,3511.21
2013-05-08,3524.79
2013-05-09,3551.9
2013-05-10,3550.03
2013-05-13,3577.29
2013-05-14,3586.32
2013-05-15,3549.74
2013-05-16,3594.3
2013-05-17,3632.61
2013-05-20,3700.09
2013-05-21,3733.67
2013-05-22,3782.97
2013-05-23,3740.44
2013-05-24,3723.62
2013-05-27,3784.47
2013-05-28,3820.24
2013-05-29,3830.22
2013-05-30,3843.16
2013-05-31,3867.59
2013-06-03,3836.77
2013-06-04,3809.56
2013-06-05,3733.95
2013-06-06,3742.5
2013-06-07,3690.96
2013-06-13,3573.9
2013-06-14,3519.37
2013-06-17,3593.51
2013-06-18,3594.9
2013-06-19,3588.77
2013-06-20,3562.13
2013-06-21,3401.47
2013-06-24,3439.87
2013-06-25,3202.66
2013-06-26,3222.68
2013-06-27,3293.08
2013-06-28,3212.25
2013-07-01,3226.62
2013-07-02,3304.99
2013-07-03,3346.11
2013-07-04,3342.01
2013-07-05,3392.58
2013-07-08,3322.14
2013-07-09,3231.7
2013-07-10,3259.85
2013-07-11,3364.84
2013-07-12,3453.44
2013-07-15,3432.26
2013-07-16,3496.73
2013-07-17,3529.71
2013-07-18,3476.18
2013-07-19,3479.53
2013-07-22,3374.57
2013-07-23,3470.6
2013-07-24,3536.16
2013-07-25,3561.51
2013-07-26,3486.96
2013-07-29,3477.26
2013-07-30,3426.96
2013-07-31,3428.13
2013-08-01,3435.08
2013-08-02,3535.89
2013-08-05,3531.65
2013-08-06,3589.52
2013-08-07,3628.0
2013-08-08,3589.16
2013-08-09,3611.78
2013-08-12,3629.51
2013-08-13,3677.12
2013-08-14,3694.68
2013-08-15,3674.65
2013-08-16,3611.28
2013-08-19,3528.91
2013-08-20,3606.61
2013-08-21,3596.93
2013-08-22,3621.89
2013-08-23,3644.68
2013-08-26,3629.36
2013-08-27,3702.58
2013-08-28,3707.53
2013-08-29,3703.05
2013-08-30,3702.85
2013-09-02,3674.68
2013-09-03,3685.34
2013-09-04,3747.23
2013-09-05,3749.94
2013-09-06,3758.9
2013-09-09,3799.45
2013-09-10,3836.47
2013-09-11,3876.59
2013-09-12,3824.75
2013-09-13,3846.45
2013-09-16,3852.36
2013-09-17,3851.66
2013-09-18,3780.7
2013-09-23,3830.95
2013-09-24,3897.41
2013-09-25,3899.61
2013-09-26,3879.48
2013-09-27,3805.5
2013-09-30,3834.17
2013-10-08,3875.52
2013-10-09,3928.4
2013-10-10,3990.78
2013-10-11,3975.11
2013-10-14,4034.19
2013-10-15,4074.83
2013-10-16,4063.82
2013-10-17,3980.47
2013-10-18,3954.59
2013-10-21,3977.26
2013-10-22,4070.66
2013-10-23,4026.56
2013-10-24,3914.24
2013-10-25,3902.23
2013-10-28,3820.67
2013-10-29,3801.93
2013-10-30,3694.31
2013-10-31,3757.81
2013-11-01,3698.47
2013-11-04,3705.45
2013-11-05,3719.94
2013-11-06,3768.73
2013-11-07,3722.24
2013-11-08,3670.35
2013-11-11,3626.19
2013-11-12,3645.37
2013-11-13,3677.35
2013-11-14,3602.85
2013-11-15,3661.28
2013-11-18,3759.12
2013-11-19,3830.45
2013-11-20,3842.25
2013-11-21,3865.57
2013-11-22,3868.5
2013-11-25,3834.81
2013-11-26,3837.87
2013-11-27,3843.65
2013-11-28,3897.25
2013-11-29,3924.42
2013-12-02,3870.03
2013-12-03,3755.19
2013-12-04,3856.35
2013-12-05,3931.14
2013-12-06,3924.64
2013-12-09,3928.16
2013-12-10,3948.57
2013-12-11,3941.9
2013-12-12,3903.45
2013-12-13,3901.99
2013-12-16,3929.38
2013-12-17,3854.78
2013-12-18,3836.02
2013-12-19,3840.28
2013-12-20,3792.68
2013-12-23,3745.94
2013-12-24,3746.65
2013-12-25,3766.2
2013-12-26,3809.5
2013-12-27,3737.65
2013-12-30,3815.68
2013-12-31,3805.7
2014-01-02,3823.32
2014-01-03,3841.22
2014-01-06,3806.58
2014-01-07,3699.9
2014-01-08,3735.5
2014-01-09,3732.86
2014-01-10,3685.02
2014-01-13,3628.53
2014-01-14,3610.64
2014-01-15,3681.04
2014-01-16,3709.38
2014-01-17,3704.36
2014-01-20,3666.3
2014-01-21,3645.34
2014-01-22,3707.08
2014-01-23,3801.75
2014-01-24,3817.08
2014-01-27,3867.57
2014-01-28,3882.01
2014-01-29,3878.31
2014-01-30,3900.01
2014-02-07,3864.89
2014-02-10,3972.86
2014-02-11,4081.54
2014-02-12,4083.82
2014-02-13,4123.22
2014-02-14,4063.79
2014-02-17,4152.04
2014-02-18,4216.61
2014-02-19,4206.02
2014-02-20,4211.7
2014-02-21,4142.3
2014-02-24,4102.56
2014-02-25,4109.49
2014-02-26,3941.12
2014-02-27,3992.72
2014-02-28,3926.77
2014-03-03,3975.54
2014-03-04,4045.2
2014-03-05,4064.96
2014-03-06,4030.65
2014-03-07,4032.14
2014-03-10,3981.51
2014-03-11,3848.17
2014-03-12,3857.58
2014-03-13,3865.92
2014-03-14,3891.2
2014-03-17,3889.9
2014-03-18,3970.66
2014-03-19,3979.25
2014-03-20,3973.15
2014-03-21,3857.82
2014-03-24,3954.05
2014-03-25,3977.88
2014-03-26,3997.17
2014-03-27,3994.82
2014-03-28,3935.2
2014-03-31,3865.0
2014-04-01,3836.5
2014-04-02,3901.19
2014-04-03,3902.07
2014-04-04,3888.73
2014-04-08,3927.51
2014-04-09,3987.43
2014-04-10,4022.05
2014-04-11,4021.96
2014-04-14,4019.5
2014-04-15,4050.33
2014-04-16,4010.36
2014-04-17,4025.38
2014-04-18,4006.88
2014-04-21,4004.61
2014-04-22,3957.22
2014-04-23,3942.5
2014-04-24,3924.45
2014-04-25,3879.45
2014-04-28,3785.96
2014-04-29,3678.62
2014-04-30,3734.8
2014-05-05,3761.23
2014-05-06,3795.36
2014-05-07,3806.84
2014-05-08,3740.25
2014-05-09,3748.49
2014-05-12,3738.67
2014-05-13,3810.49
2014-05-14,3805.15
2014-05-15,3797.12
2014-05-16,3722.56
2014-05-19,3722.39
2014-05-20,3720.23
2014-05-21,3708.12
2014-05-22,3748.93
2014-05-23,3742.99
2014-05-26,3798.73
2014-05-27,3825.37
2014-05-28,3818.35
2014-05-29,3862.3
2014-05-30,3818.47
2014-06-03,3833.12
2014-06-04,3820.5
2014-06-05,3783.88
2014-06-06,3833.38
2014-06-09,3809.59
2014-06-10,3801.51
2014-06-11,3838.67
2014-06-12,3851.23
2014-06-13,3846.62
2014-06-16,3893.92
2014-06-17,3909.62
2014-06-18,3878.69
2014-06-19,3853.59
2014-06-20,3751.18
2014-06-23,3790.84
2014-06-24,3814.53
2014-06-25,3835.59
2014-06-26,3812.91
2014-06-27,3861.1
2014-06-30,3895.15
2014-07-01,3927.48
2014-07-02,3950.47
2014-07-03,3978.82
2014-07-04,4018.39
2014-07-07,4004.1
2014-07-08,4012.55
2014-07-09,4033.82
2014-07-10,3980.5
2014-07-11,3979.73
2014-07-14,4033.71
2014-07-15,4089.35
2014-07-16,4089.65
2014-07-17,4055.91
2014-07-18,4018.36
2014-07-21,4038.74
2014-07-22,4024.42
2014-07-23,4083.08
2014-07-24,4055.15
2014-07-25,4052.03
2014-07-28,4106.99
2014-07-29,4173.17
2014-07-30,4198.41
2014-07-31,4211.07
2014-08-01,4242.3
2014-08-04,4213.11
2014-08-05,4284.15
2014-08-06,4291.63
2014-08-07,4329.3
2014-08-08,4287.94
2014-08-11,4317.35
2014-08-12,4378.25
2014-08-13,4399.4
2014-08-14,4397.21
2014-08-15,4372.77
2014-08-18,4434.17
2014-08-19,4491.17
2014-08-20,4495.82
2014-08-21,4498.49
2014-08-22,4491.63
2014-08-25,4521.81
2014-08-26,4474.45
2014-08-27,4401.88
2014-08-28,4423.76
2014-08-29,4378.62
2014-09-01,4436.55
2014-09-02,4519.24
2014-09-03,4582.48
2014-09-04,4611.56
2014-09-05,4654.52
2014-09-09,4672.11
2014-09-10,4686.12
2014-09-11,4707.04
2014-09-12,4698.11
2014-09-15,4759.77
2014-09-16,4809.44
2014-09-17,4649.61
2014-09-18,4679.11
2014-09-19,4718.78
2014-09-22,4753.79
2014-09-23,4693.37
2014-09-24,4746.62
2014-09-25,4826.98
2014-09-26,4803.44
2014-09-29,4847.82
2014-09-30,4886.56
2014-10-08,4935.05
2014-10-09,4996.66
2014-10-10,4987.04
2014-10-13,4964.23
2014-10-14,4978.9
2014-10-15,4967.23
2014-10-16,4962.58
2014-10-17,4894.59
2014-10-20,4873.46
2014-10-21,4929.23
2014-10-22,4881.51
2014-10-23,4815.12
2014-10-24,4757.09
2014-10-27,4762.52
2014-10-28,4819.55
2014-10-29,4938.72
2014-10-30,4988.97
2014-10-31,4999.0
2014-11-03,4993.17
2014-11-04,5028.54
2014-11-05,5004.89
2014-11-06,4992.72
2014-11-07,5029.8
2014-11-10,4989.44
2014-11-11,5038.68
2014-11-12,4866.42
2014-11-13,4963.73
2014-11-14,4901.14
2014-11-17,4925.47
2014-11-18,4951.59
2014-11-19,4967.64
2014-11-20,4972.74
2014-11-21,4975.53
2014-11-24,5088.23
2014-11-25,5118.69
2014-11-26,5198.13
2014-11-27,5229.4
2014-11-28,5249.67
2014-12-01,5246.43
2014-12-02,5201.37
2014-12-03,5284.57
2014-12-04,5345.01
2014-12-05,5462.76
2014-12-08,5310.57
2014-12-09,5392.95
2014-12-10,5184.02
2014-12-11,5366.21
2014-12-12,5457.23
2014-12-15,5485.13
2014-12-16,5590.27
2014-12-17,5597.88
2014-12-18,5551.04
2014-12-19,5554.67
2014-12-22,5523.66
2014-12-23,5273.99
2014-12-24,5212.07
2014-12-25,5279.3
2014-12-26,5370.33
2014-12-29,5436.49
2014-12-30,5357.39
2014-12-31,5274.65
2015-01-05,5338.75
2015-01-06,5389.9
2015-01-07,5471.4
2015-01-08,5482.39
2015-01-09,5424.5
2015-01-12,5386.58
2015-01-13,5333.97
2015-01-14,5404.37
2015-01-15,5380.45
2015-01-16,5459.18
2015-01-19,5359.47
2015-01-20,5303.18
2015-01-21,5490.84
2015-01-22,5617.61
2015-01-23,5697.84
2015-01-26,5644.03
2015-01-27,5767.74
2015-01-28,5756.68
2015-01-29,5692.39
2015-01-30,5708.28
2015-02-02,5568.44
2015-02-03,5627.4
2015-02-04,5720.97
2015-02-05,5741.19
2015-02-06,5640.03
2015-02-09,5526.14
2015-02-10,5502.73
2015-02-11,5587.64
2015-02-12,5647.55
2015-02-13,5709.16
2015-02-16,5786.15
2015-02-17,5888.87
2015-02-25,5926.23
2015-02-26,5903.26
2015-02-27,5974.36
2015-03-02,6064.82
2015-03-03,6124.28
2015-03-04,6114.69
2015-03-05,6212.66
2015-03-06,6214.33
2015-03-09,6113.58
2015-03-10,6214.52
2015-03-11,6275.17
2015-03-12,6273.69
2015-03-13,6271.82
2015-03-16,6369.2
2015-03-17,6547.39
2015-03-18,6624.39
2015-03-19,6733.12
2015-03-20,6789.06
2015-03-23,6891.92
2015-03-24,7042.93
2015-03-25,7051.82
2015-03-26,7104.04
2015-03-27,7076.49
2015-03-30,7180.06
2015-03-31,7280.15
2015-04-01,7258.83
2015-04-02,7463.91
2015-04-03,7532.15
2015-04-07,7728.91
2015-04-08,7908.77
2015-04-09,7818.2
2015-04-10,7727.01
2015-04-13,7994.25
2015-04-14,8129.73
2015-04-15,8093.13
2015-04-16,7705.46
2015-04-17,7979.35
2015-04-20,7967.03
2015-04-21,7852.51
2015-04-22,8180.12
2015-04-23,8371.85
2015-04-24,8321.33
2015-04-27,8503.57
2015-04-28,8533.67
2015-04-29,8248.31
2015-04-30,8460.39
2015-05-04,8493.96
2015-05-05,8501.12
2015-05-06,8220.6
2015-05-07,8043.01
2015-05-08,7989.34
2015-05-11,8292.63
2015-05-12,8595.08
2015-05-13,8719.58
2015-05-14,8829.83
2015-05-15,8790.01
2015-05-18,8725.41
2015-05-19,8927.39
2015-05-20,9176.03
2015-05-21,9320.84
2015-05-22,9756.53
2015-05-25,9717.51
2015-05-26,10117.73
2015-05-27,10421.3
2015-05-28,10501.36
2015-05-29,9846.39
2015-06-01,10067.53
2015-06-02,10592.75
2015-06-03,10973.96
2015-06-04,10986.42
2015-06-05,11117.36
2015-06-08,11157.18
2015-06-09,11009.88
2015-06-10,10947.49
2015-06-11,11220.07
2015-06-12,11424.33
2015-06-15,11589.95
2015-06-16,11205.75
2015-06-17,10865.39
2015-06-18,11093.3
2015-06-19,10475.92
2015-06-23,9951.78
2015-06-24,10136.25
2015-06-25,10298.56
2015-06-26,9571.55
2015-06-29,9267.03
2015-06-30,8302.18
2015-07-01,8808.51
2015-07-02,8369.49
2015-07-03,7530.27
2015-07-06,7842.43
2015-07-07,6977.55
2015-07-08,6444.67
2015-07-09,6525.12
2015-07-10,7101.82
2015-07-13,7563.38
2015-07-14,7854.0
2015-07-15,7836.08
2015-07-16,7342.83
2015-07-17,7629.78
2015-07-20,8025.1
2015-07-21,8011.9
2015-07-22,8207.17
2015-07-23,8330.47
2015-07-24,8580.65
2015-07-27,8240.68
2015-07-28,7514.15
2015-07-29,7765.95
2015-07-30,7979.57
2015-07-31,7692.48
2015-08-03,7605.89
2015-08-04,7548.03
2015-08-05,7933.32
2015-08-06,7660.58
2015-08-07,7874.42
2015-08-10,8106.12
2015-08-11,8402.32
2015-08-12,8342.61
2015-08-13,8287.77
2015-08-14,8599.77
2015-08-17,8613.29
2015-08-18,8842.16
2015-08-19,7865.63
2015-08-20,8255.93
2015-08-21,7884.3
2015-08-24,7255.29
2015-08-25,6496.11
2015-08-26,6470.0
2015-08-27,6344.95
2015-08-28,6554.76
2015-08-31,6791.42
2015-09-01,6507.88
2015-09-02,5878.21
2015-09-07,6187.69
2015-09-08,6096.01
2015-09-09,6408.67
2015-09-10,6434.53
2015-09-11,6423.52
2015-09-14,6535.26
2015-09-15,5886.27
2015-09-16,5722.53
2015-09-17,6057.87
2015-09-18,6007.46
2015-09-21,5966.29
2015-09-22,6264.06
2015-09-23,6192.33
2015-09-24,6250.09
2015-09-25,6294.2
2015-09-28,6118.23
2015-09-29,6114.48
2015-09-30,6139.14
2015-10-08,6322.54
2015-10-09,6369.75
2015-10-12,6505.91
2015-10-13,6672.66
2015-10-14,6772.46
2015-10-15,6694.07
2015-10-16,6979.68
2015-10-19,7072.36
2015-10-20,7033.2
2015-10-21,7159.13
2015-10-22,6708.21
2015-10-23,7015.62
2015-10-26,7223.15
2015-10-27,7123.08
2015-10-28,7179.99
2015-10-29,7097.19
2015-10-30,7088.81
2015-11-02,6936.37
2015-11-03,6956.89
2015-11-04,6953.87
2015-11-05,7277.1
2015-11-06,7284.87
2015-11-09,7415.76
2015-11-10,7517.41
2015-11-11,7589.66
2015-11-12,7712.64
2015-11-13,7601.15
2015-11-16,7438.4
2015-11-17,7787.08
2015-11-18,7655.33
2015-11-19,7553.0
2015-11-20,7741.68
2015-11-23,7816.85
2015-11-24,7739.09
2015-11-25,7803.29
2015-11-26,7962.17
2015-11-27,7839.31
2015-11-30,7388.28
2015-12-01,7403.94
2015-12-02,7423.5
2015-12-03,7413.22
2015-12-04,7533.61
2015-12-07,7526.22
2015-12-08,7555.46
2015-12-09,7369.11
2015-12-10,7374.36
2015-12-11,7320.16
2015-12-14,7224.81
2015-12-15,7448.71
2015-12-16,7522.73
2015-12-17,7570.67
2015-12-18,7708.34
2015-12-21,7698.44
2015-12-22,7811.0
2015-12-23,7859.13
2015-12-24,7760.38
2015-12-25,7759.84
2015-12-28,7815.38
2015-12-29,7591.71
2015-12-30,7693.02
2015-12-31,7745.64
2016-01-04,7615.51
2016-01-05,6663.73
2016-01-06,6916.53
2016-01-07,6937.42
2016-01-08,6618.08
2016-01-11,6435.89
2016-01-12,6126.67
2016-01-13,6168.99
2016-01-14,5734.61
2016-01-15,6078.62
2016-01-18,5768.76
2016-01-19,5965.36
2016-01-20,6161.23
2016-01-21,6031.17
2016-01-22,5954.36
2016-01-25,6034.08
2016-01-26,5966.71
2016-01-27,5604.17
2016-01-28,5441.74
2016-01-29,5262.46
2016-02-01,5458.61
2016-02-02,5407.71
2016-02-03,5520.64
2016-02-04,5631.32
2016-02-05,5734.48
2016-02-15,5485.72
2016-02-16,5694.75
2016-02-17,5889.5
2016-02-18,6009.75
2016-02-19,5939.7
2016-02-22,6055.68
2016-02-23,6102.51
2016-02-24,6041.75
2016-02-25,6097.42
2016-02-26,5668.33
2016-02-29,5618.51
2016-03-01,5361.79
2016-03-02,5464.73
2016-03-03,5757.36
2016-03-04,5755.12
2016-03-07,5686.69
2016-03-08,5751.39
2016-03-09,5627.14
2016-03-10,5617.42
2016-03-11,5460.54
2016-03-14,5568.46
2016-03-15,5672.75
2016-03-16,5662.44
2016-03-17,5589.22
2016-03-18,5774.3
2016-03-21,6016.69
2016-03-22,6045.84
2016-03-23,6054.22
2016-03-24,6062.76
2016-03-25,6006.67
2016-03-28,6114.77
2016-03-29,6029.94
2016-03-30,5981.42
2016-03-31,6164.28
2016-04-01,6129.72
2016-04-05,6136.69
2016-04-06,6262.6
2016-04-07,6344.37
2016-04-08,6176.86
2016-04-11,6226.38
2016-04-12,6299.47
2016-04-13,6292.57
2016-04-14,6375.49
2016-04-15,6403.25
2016-04-18,6343.7
2016-04-19,6314.58
2016-04-20,6331.87
2016-04-21,6000.3
2016-04-22,5930.53
2016-04-25,5997.21
2016-04-26,5971.81
2016-04-27,6051.44
2016-04-28,6014.13
2016-04-29,5963.91
2016-05-03,5991.83
2016-05-04,6144.57
2016-05-05,6159.73
2016-05-06,6208.44
2016-05-09,5910.12
2016-05-10,5728.11
2016-05-11,5770.35
2016-05-12,5647.07
2016-05-13,5708.63
2016-05-16,5692.61
2016-05-17,5814.1
2016-05-18,5743.03
2016-05-19,5628.73
2016-05-20,5619.94
2016-05-23,5752.15
2016-05-24,5800.0
2016-05-25,5780.27
2016-05-26,5705.07
2016-05-27,5728.9
2016-05-30,5706.0
2016-05-31,5721.83
2016-06-01,5957.18
2016-06-02,5961.72
2016-06-03,6016.95
2016-06-06,6051.95
2016-06-07,6048.32
2016-06-08,6037.41
2016-06-13,5943.73
2016-06-14,5723.99
2016-06-15,5701.39
2016-06-16,5945.49
2016-06-17,5937.32
2016-06-20,5965.82
2016-06-21,6023.92
2016-06-22,5901.15
2016-06-23,5998.67
2016-06-24,5967.52
2016-06-27,5864.73
2016-06-28,6018.91
2016-06-29,6130.58
2016-06-30,6127.99
2016-07-01,6133.72
2016-07-04,6079.58
2016-07-05,6244.39
2016-07-06,6250.49
2016-07-07,6291.06
2016-07-08,6308.06
2016-07-11,6320.06
2016-07-12,6309.82
2016-07-13,6413.81
2016-07-14,6437.28
2016-07-15,6459.63
2016-07-18,6426.86
2016-07-19,6407.03
2016-07-20,6429.69
2016-07-21,6414.8
2016-07-22,6437.88
2016-07-25,6383.56
2016-07-26,6410.82
2016-07-27,6499.34
2016-07-28,6220.92
2016-07-29,6239.85
2016-08-01,6179.2
2016-08-02,6100.75
2016-08-03,6154.47
2016-08-04,6194.2
2016-08-05,6231.53
2016-08-08,6191.65
2016-08-09,6283.29
2016-08-10,6336.54
2016-08-11,6304.78
2016-08-12,6218.35
2016-08-15,6309.41
2016-08-16,6449.91
2016-08-17,6462.05
2016-08-18,6485.93
2016-08-19,6485.72
2016-08-22,6499.75
2016-08-23,6414.98
2016-08-24,6432.88
2016-08-25,6398.56
2016-08-26,6395.77
2016-08-29,6409.12
2016-08-30,6428.97
2016-08-31,6422.8
2016-09-01,6434.26
2016-09-02,6371.49
2016-09-05,6372.62
2016-09-06,6392.61
2016-09-07,6490.33
2016-09-08,6489.62
2016-09-09,6518.68
2016-09-12,6362.77
2016-09-13,6324.74
2016-09-14,6286.62
2016-09-19,6292.81
2016-09-20,6344.71
2016-09-21,6342.0
2016-09-22,6381.16
2016-09-23,6397.33
2016-09-26,6363.93
2016-09-27,6229.82
2016-09-28,6300.85
2016-09-29,6288.92
2016-09-30,6292.08
2016-10-10,6364.52
2016-10-11,6451.04
2016-10-12,6463.81
2016-10-13,6480.93
2016-10-14,6476.26
2016-10-17,6478.51
2016-10-18,6409.74
2016-10-19,6518.74
2016-10-20,6495.83
2016-10-21,6498.99
2016-10-24,6479.55
2016-10-25,6543.47
2016-10-26,6561.16
2016-10-27,6522.89
2016-10-28,6512.04
2016-10-31,6441.43
2016-11-01,6457.0
2016-11-02,6494.98
2016-11-03,6442.36
2016-11-04,6482.6
2016-11-07,6461.0
2016-11-08,6487.65
2016-11-09,6504.41
2016-11-10,6501.64
2016-11-11,6539.36
2016-11-14,6568.66
2016-11-15,6622.88
2016-11-16,6647.53
2016-11-17,6633.31
2016-11-18,6632.63
2016-11-21,6597.17
2016-11-22,6619.85
2016-11-23,6668.25
2016-11-24,6635.22
2016-11-25,6620.22
2016-11-28,6667.27
2016-11-29,6658.36
2016-11-30,6605.36
2016-12-01,6593.59
2016-12-02,6617.87
2016-12-05,6462.26
2016-12-06,6496.16
2016-12-07,6493.0
2016-12-08,6561.72
2016-12-09,6519.4
2016-12-12,6512.96
2016-12-13,6235.56
2016-12-14,6269.08
2016-12-15,6216.14
2016-12-16,6279.28
2016-12-19,6319.86
2016-12-20,6314.61
2016-12-21,6311.06
2016-12-22,6341.2
2016-12-23,6339.35
2016-12-26,6260.34
2016-12-27,6291.65
2016-12-28,6288.73
2016-12-29,6261.87
2016-12-30,6255.62
2017-01-03,6273.82
2017-01-04,6321.75
2017-01-05,6391.58
2017-01-06,6398.86
2017-01-09,6365.39
2017-01-10,6412.76
2017-01-11,6381.7
2017-01-12,6325.62
2017-01-13,6272.79
2017-01-16,6184.13
2017-01-17,6006.08
2017-01-18,6067.17
2017-01-19,6054.73
2017-01-20,6037.56
2017-01-23,6130.44
2017-01-24,6167.84
2017-01-25,6156.78
2017-01-26,6183.16
2017-02-03,6227.46
2017-02-06,6206.54
2017-02-07,6254.2
2017-02-08,6248.47
2017-02-09,6288.88
2017-02-10,6329.68
2017-02-13,6341.73
2017-02-14,6366.94
2017-02-15,6367.64
2017-02-16,6308.32
2017-02-17,6356.09
2017-02-20,6307.23
2017-02-21,6390.51
2017-02-22,6432.75
2017-02-23,6470.62
2017-02-24,6466.18
2017-02-27,6476.38
2017-02-28,6425.0
2017-03-01,6446.44
2017-03-02,6476.11
2017-03-03,6417.39
2017-03-06,6457.59
2017-03-07,6517.85
2017-03-08,6519.97
2017-03-09,6484.58
2017-03-10,6436.76
2017-03-13,6444.56
2017-03-14,6508.37
2017-03-15,6486.3
2017-03-16,6499.83
2017-03-17,6543.56
2017-03-20,6484.54
2017-03-21,6494.77
2017-03-22,6486.3
2017-03-23,6502.13
2017-03-24,6509.23
2017-03-27,6545.45
2017-03-28,6509.04
2017-03-29,6504.25
2017-03-30,6467.06
2017-03-31,6374.56
2017-04-05,6450.9
2017-04-06,6554.75
2017-04-07,6554.26
2017-04-10,6575.46
2017-04-11,6566.84
2017-04-12,6625.88
2017-04-13,6569.24
2017-04-14,6623.45
2017-04-17,6500.95
2017-04-18,6452.92
2017-04-19,6390.33
2017-04-20,6349.41
2017-04-21,6345.77
2017-04-24,6282.33
2017-04-25,6139.48
2017-04-26,6159.89
2017-04-27,6157.52
2017-04-28,6174.14
2017-05-02,6205.1
2017-05-03,6205.68
2017-05-04,6180.03
2017-05-05,6155.2
2017-05-08,6076.46
2017-05-09,5953.84
2017-05-10,6010.73
2017-05-11,5856.41
2017-05-12,5859.34
2017-05-15,5880.7
2017-05-16,5882.33
2017-05-17,6006.47
2017-05-18,5983.35
2017-05-19,5973.77
2017-05-22,5962.29
2017-05-23,5879.56
2017-05-24,5740.44
2017-05-25,5788.56
2017-05-26,5843.52
2017-05-31,5887.94
2017-06-01,5810.42
2017-06-02,5696.83
2017-06-05,5778.19
2017-06-06,5808.97
2017-06-07,5838.88
2017-06-08,5947.98
2017-06-09,5952.41
2017-06-12,5943.64
2017-06-13,5895.47
2017-06-14,5976.01
2017-06-15,5959.47
2017-06-16,6016.97
2017-06-19,6010.94
2017-06-20,6061.11
2017-06-21,6074.61
2017-06-22,6074.37
2017-06-23,5978.24
2017-06-26,6013.48
2017-06-27,6109.37
2017-06-28,6102.23
2017-06-29,6089.92
2017-06-30,6101.36
2017-07-03,6142.17
2017-07-04,6169.03
2017-07-05,6135.71
2017-07-06,6187.43
2017-07-07,6182.45
2017-07-10,6221.53
2017-07-11,6194.62
2017-07-12,6124.96
2017-07-13,6134.75
2017-07-14,6143.33
2017-07-17,6108.45
2017-07-18,5854.07
2017-07-19,5928.01
2017-07-20,6052.51
2017-07-21,6089.66
2017-07-24,6121.33
2017-07-25,6159.41
2017-07-26,6151.85
2017-07-27,6136.96
2017-07-28,6170.66
2017-07-31,6214.66
2017-08-01,6293.06
2017-08-02,6289.25
2017-08-03,6240.15
2017-08-04,6258.85
2017-08-07,6227.52
2017-08-08,6302.03
2017-08-09,6296.12
2017-08-10,6322.83
2017-08-11,6242.49
2017-08-14,6165.13
2017-08-15,6291.18
2017-08-16,6307.17
2017-08-17,6327.03
2017-08-18,6324.9
2017-08-21,6354.1
2017-08-22,6396.93
2017-08-23,6359.78
2017-08-24,6322.63
2017-08-25,6274.35
2017-08-28,6348.87
2017-08-29,6420.57
2017-08-30,6405.9
2017-08-31,6451.52
2017-09-01,6472.95
2017-09-04,6530.51
2017-09-05,6561.67
2017-09-06,6550.06
2017-09-07,6601.34
2017-09-08,6554.6
2017-09-11,6579.89
2017-09-12,6659.8
2017-09-13,6635.17
2017-09-14,6683.47
2017-09-15,6661.52
2017-09-18,6616.13
2017-09-19,6670.97
2017-09-20,6627.69
2017-09-21,6684.65
2017-09-22,6591.15
2017-09-25,6560.14
2017-09-26,6484.34
2017-09-27,6523.5
2017-09-28,6577.43
2017-09-29,6572.45
2017-10-09,6682.58
2017-10-10,6677.37
2017-10-11,6702.69
2017-10-12,6658.13
2017-10-13,6660.03
2017-10-16,6709.87
2017-10-17,6604.33
2017-10-18,6612.49
2017-10-19,6553.87
2017-10-20,6489.79
2017-10-23,6569.79
2017-10-24,6605.52
2017-10-25,6596.79
2017-10-26,6639.89
2017-10-27,6664.43
2017-10-30,6621.78
2017-10-31,6496.69
2017-11-01,6559.52
2017-11-02,6541.61
2017-11-03,6477.82
2017-11-06,6432.07
2017-11-07,6508.21
2017-11-08,6544.59
2017-11-09,6562.36
2017-11-10,6599.65
2017-11-13,6644.69
2017-11-14,6664.61
2017-11-15,6592.76
2017-11-16,6529.31
2017-11-17,6549.22
2017-11-20,6330.91
2017-11-21,6420.39
2017-11-22,6456.32
2017-11-23,6427.58
2017-11-24,6250.06
2017-11-27,6269.23
2017-11-28,6188.09
2017-11-29,6293.25
2017-11-30,6303.92
2017-12-01,6259.96
2017-12-04,6311.22
2017-12-05,6265.79
2017-12-06,6116.16
2017-12-07,6156.35
2017-12-08,6128.12
2017-12-11,6214.64
2017-12-12,6281.14
2017-12-13,6224.78
2017-12-14,6273.61
2017-12-15,6274.1
2017-12-18,6229.74
2017-12-19,6200.93
2017-12-20,6244.06
2017-12-21,6191.78
2017-12-22,6236.23
2017-12-25,6244.86
2017-12-26,6179.56
2017-12-27,6213.24
2017-12-28,6163.96
2017-12-29,6201.46
2018-01-02,6263.15
2018-01-03,6331.72
2018-01-04,6380.27
2018-01-05,6414.77
2018-01-08,6413.87
2018-01-09,6441.68
2018-01-10,6443.46
2018-01-11,6391.9
2018-01-12,6418.83
2018-01-15,6391.37
2018-01-16,6245.15
2018-01-17,6288.02
2018-01-18,6253.06
2018-01-19,6284.6
2018-01-22,6264.76
2018-01-23,6342.69
2018-01-24,6353.3
2018-01-25,6386.8
2018-01-26,6374.1
2018-01-29,6385.04
2018-01-30,6301.35
2018-01-31,6277.74
2018-02-01,6181.0
2018-02-02,5937.62
2018-02-05,5927.74
2018-02-06,5886.35
2018-02-07,5805.97
2018-02-08,5695.67
2018-02-09,5631.96
2018-02-12,5581.71
2018-02-13,5731.15
2018-02-14,5741.88
2018-02-22,5800.95
2018-02-23,5877.72
2018-02-26,5926.42
2018-02-27,6025.88
2018-02-28,5967.9
2018-03-01,5987.36
2018-03-02,6053.48
2018-03-05,6066.68
2018-03-06,6077.37
2018-03-07,6133.95
2018-03-08,6073.67
2018-03-09,6131.13
2018-03-12,6230.81
2018-03-13,6285.8
2018-03-14,6234.24
2018-03-15,6172.85
2018-03-16,6181.38
2018-03-19,6142.52
2018-03-20,6109.61
2018-03-21,6182.11
2018-03-22,6130.05
2018-03-23,5913.37
2018-03-26,5715.35
2018-03-27,5956.24
2018-03-28,5962.56
2018-03-29,5993.97
2018-03-30,6052.18
2018-04-02,6127.23
2018-04-03,6039.07
2018-04-04,6077.65
2018-04-09,5994.35
2018-04-10,6032.49
2018-04-11,6082.03
2018-04-12,6073.77
2018-04-13,6073.84
2018-04-16,6018.17
2018-04-17,6024.55
2018-04-18,5925.84
2018-04-19,5965.24
2018-04-20,5984.06
2018-04-23,5885.61
2018-04-24,5825.45
2018-04-25,5929.41
2018-04-26,5951.19
2018-04-27,5865.44
2018-05-02,5861.84
2018-05-03,5843.09
2018-05-04,5891.12
2018-05-07,5921.31
2018-05-08,6023.58
2018-05-09,6034.46
2018-05-10,6036.01
2018-05-11,6044.98
2018-05-14,5982.47
2018-05-15,5972.16
2018-05-16,6002.75
2018-05-17,6000.74
2018-05-18,5968.56
2018-05-21,6034.43
2018-05-22,6066.25
2018-05-23,6080.73
2018-05-24,6014.02
2018-05-25,5983.94
2018-05-28,5910.48
2018-05-29,5884.59
2018-05-30,5759.45
2018-05-31,5722.95
2018-06-01,5729.92
2018-06-04,5692.97
2018-06-05,5681.22
2018-06-06,5770.71
2018-06-07,5786.46
2018-06-08,5731.84
2018-06-11,5657.65
2018-06-12,5638.35
2018-06-13,5678.81
2018-06-14,5590.57
2018-06-15,5582.84
2018-06-19,5396.68
2018-06-20,5114.06
2018-06-21,5196.13
2018-06-22,5052.44
2018-06-25,5196.65
2018-06-26,5059.38
2018-06-27,5159.62
2018-06-28,5097.51
2018-06-29,5061.09
2018-07-02,5216.85
2018-07-03,5138.55
2018-07-04,5171.19
2018-07-05,5109.14
2018-07-06,4981.98
2018-07-09,5007.21
2018-07-10,5114.12
2018-07-11,5060.07
2018-07-12,5029.29
2018-07-13,5174.51
2018-07-16,5201.53
2018-07-17,5189.15
2018-07-18,5198.89
2018-07-19,5153.38
2018-07-20,5105.65
2018-07-23,5146.62
2018-07-24,5213.39
2018-07-25,5308.02
2018-07-26,5307.3
2018-07-27,5270.23
2018-07-30,5244.77
2018-07-31,5182.83
2018-08-01,5198.46
2018-08-02,5094.34
2018-08-03,4982.89
2018-08-06,4919.5
2018-08-07,4836.31
2018-08-08,4940.78
2018-08-09,4862.15
2018-08-10,5000.05
2018-08-13,4981.34
2018-08-14,5043.89
2018-08-15,5035.57
2018-08-16,4876.69
2018-08-17,4923.44
2018-08-20,4794.24
2018-08-21,4831.21
2018-08-22,4877.01
2018-08-23,4832.01
2018-08-24,4853.86
2018-08-27,4859.13
2018-08-28,4964.73
2018-08-29,4972.09
2018-08-30,4937.65
2018-08-31,4854.97
2018-09-03,4808.38
2018-09-04,4833.88
2018-09-05,4877.11
2018-09-06,4800.94
2018-09-07,4796.84
2018-09-10,4792.6
2018-09-11,4702.83
2018-09-12,4700.9
2018-09-13,4727.43
2018-09-14,4720.78
2018-09-17,4649.95
2018-09-18,4588.23
2018-09-19,4673.95
2018-09-20,4734.48
2018-09-21,4743.81
2018-09-25,4774.79
2018-09-26,4794.07
2018-09-27,4812.64
2018-09-28,4762.33
2018-10-08,4722.42
2018-10-09,4652.49
2018-10-10,4634.64
2018-10-11,4483.27
2018-10-12,4267.36
2018-10-15,4283.36
2018-10-16,4193.38
2018-10-17,4147.35
2018-10-18,4104.33
2018-10-19,3958.45
2018-10-22,4165.76
2018-10-23,4336.45
2018-10-24,4233.84
2018-10-25,4124.19
2018-10-26,4260.91
2018-10-29,4220.63
2018-10-30,4145.4
2018-10-31,4207.76
2018-11-01,4299.46
2018-11-02,4366.73
2018-11-05,4427.63
2018-11-06,4427.36
2018-11-07,4437.72
2018-11-08,4442.66
2018-11-09,4363.21
2018-11-12,4360.63
2018-11-13,4430.95
2018-11-14,4551.8
2018-11-15,4540.88
2018-11-16,4625.0
2018-11-19,4660.48
2018-11-20,4629.13
2018-11-21,4483.38
2018-11-22,4562.64
2018-11-23,4542.11
2018-11-26,4371.42
2018-11-27,4393.29
2018-11-28,4389.83
2018-11-29,4462.79
2018-11-30,4334.04
2018-12-03,4483.66
2018-12-04,4506.25
2018-12-05,4456.2
2018-12-06,4476.81
2018-12-07,4419.61
2018-12-10,4381.38
2018-12-11,4373.03
2018-12-12,4408.91
2018-12-13,4405.09
2018-12-14,4436.0
2018-12-17,4322.59
2018-12-18,4308.05
2018-12-19,4311.28
2018-12-20,4240.37
2018-12-21,4246.43
2018-12-24,4227.35
2018-12-25,4233.54
2018-12-26,4218.66
2018-12-27,4263.33
2018-12-28,4168.94
2019-01-02,4176.11
2019-01-03,4131.69
2019-01-04,4075.62
2019-01-07,4235.03
2019-01-08,4278.28
2019-01-09,4286.23
2019-01-10,4289.56
2019-01-11,4282.39
2019-01-14,4317.52
2019-01-15,4282.99
2019-01-16,4347.08
2019-01-17,4334.63
2019-01-18,4307.14
2019-01-21,4354.7
2019-01-22,4370.86
2019-01-23,4298.94
2019-01-24,4318.71
2019-01-25,4341.41
2019-01-28,4341.49
2019-01-29,4301.47
2019-01-30,4235.27
2019-01-31,4203.98
2019-02-01,4189.11
2019-02-11,4306.2
2019-02-12,4398.44
2019-02-13,4442.73
2019-02-14,4507.84
2019-02-15,4523.94
2019-02-18,4527.97
2019-02-19,4683.33
2019-02-20,4667.35
2019-02-21,4666.28
2019-02-22,4651.54
2019-02-25,4840.54
2019-02-26,5059.28
2019-02-27,5027.39
2019-02-28,5017.44
2019-03-01,5047.23
2019-03-04,5112.95
2019-03-05,5146.62
2019-03-06,5328.13
2019-03-07,5381.23
2019-03-08,5340.11
2019-03-11,5279.75
2019-03-12,5500.94
2019-03-13,5557.16
2019-03-14,5381.11
2019-03-15,5328.81
2019-03-18,5387.38
2019-03-19,5505.7
2019-03-20,5518.31
2019-03-21,5525.99
2019-03-22,5591.04
2019-03-25,5521.25
2019-03-26,5571.53
2019-03-27,5431.98
2019-03-28,5432.94
2019-03-29,5370.42
2019-04-01,5591.67
2019-04-02,5794.79
2019-04-03,5744.22
2019-04-04,5868.39
2019-04-08,5921.21
2019-04-09,5834.29
2019-04-10,5826.03
2019-04-11,5852.64
2019-04-12,5720.05
2019-04-15,5795.5
2019-04-16,5625.12
2019-04-17,5776.64
2019-04-18,5804.3
2019-04-19,5762.5
2019-04-22,5821.02
2019-04-23,5710.73
2019-04-24,5636.4
2019-04-25,5652.01
2019-04-26,5427.62
2019-04-29,5405.16
2019-04-30,5244.05
2019-05-06,5122.47
2019-05-07,4933.04
2019-05-08,4865.79
2019-05-09,4897.98
2019-05-10,4940.48
2019-05-13,5009.47
2019-05-14,4942.39
2019-05-15,5002.61
2019-05-16,5071.11
2019-05-17,5112.24
2019-05-20,4937.18
2019-05-21,4917.34
2019-05-22,5002.16
2019-05-23,4955.25
2019-05-24,4848.58
2019-05-27,4848.64
2019-05-28,4965.59
2019-05-29,4943.57
2019-05-30,4933.5
2019-05-31,4923.92
2019-06-03,4921.71
2019-06-04,4847.66
2019-06-05,4837.9
2019-06-06,4776.49
2019-06-10,4693.76
2019-06-11,4730.81
2019-06-12,4889.36
2019-06-13,4855.54
2019-06-14,4880.23
2019-06-17,4796.12
2019-06-18,4804.3
2019-06-19,4902.96
2019-06-20,4853.21
2019-06-21,4973.59
2019-06-24,5032.37
2019-06-25,5020.2
2019-06-26,4943.78
2019-06-27,4974.99
2019-06-28,5005.19
2019-07-01,5044.66
2019-07-02,5092.84
2019-07-03,5074.71
2019-07-04,5046.88
2019-07-05,5026.33
2019-07-08,5028.63
2019-07-09,4868.48
2019-07-10,4891.91
2019-07-11,4867.68
2019-07-12,4848.22
2019-07-15,4850.89
2019-07-16,4917.79
2019-07-17,4930.65
2019-07-18,4909.72
2019-07-19,4861.21
2019-07-22,4885.43
2019-07-23,4778.05
2019-07-24,4837.77
2019-07-25,4873.17
2019-07-26,4880.72
2019-07-29,4897.65
2019-07-30,4902.84
2019-07-31,4914.04
2019-08-01,4877.56
2019-08-02,4773.43
2019-08-05,4795.91
2019-08-06,4665.84
2019-08-07,4678.43
2019-08-08,4641.87
2019-08-09,4677.25
2019-08-12,4608.12
2019-08-13,4649.35
2019-08-14,4713.5
2019-08-15,4585.09
2019-08-16,4702.14
2019-08-19,4765.06
2019-08-20,4878.67
2019-08-21,4865.72
2019-08-22,4894.36
2019-08-23,4888.53
2019-08-26,4799.48
2019-08-27,4878.29
2019-08-28,4929.89
2019-08-29,4937.59
2019-08-30,4963.28
2019-09-02,4894.05
2019-09-03,5019.4
2019-09-04,5036.52
2019-09-05,5119.57
2019-09-06,5152.19
2019-09-09,5202.71
2019-09-10,5264.33
2019-09-11,5262.49
2019-09-12,5230.29
2019-09-16,5263.3
2019-09-17,5237.56
2019-09-18,5148.06
2019-09-19,5150.5
2019-09-20,5198.73
2019-09-23,5192.88
2019-09-24,5168.12
2019-09-25,5162.15
2019-09-26,5099.52
2019-09-27,4974.03
2019-09-30,5009.14
2019-10-08,4955.08
2019-10-09,4926.21
2019-10-10,4988.14
2019-10-11,5057.81
2019-10-14,5095.22
2019-10-15,5115.25
2019-10-16,5064.33
2019-10-17,5039.27
2019-10-18,5033.82
2019-10-21,4956.79
2019-10-22,4954.11
2019-10-23,5009.36
2019-10-24,4961.69
2019-10-25,4953.33
2019-10-28,5026.06
2019-10-29,5080.93
2019-10-30,4975.67
2019-10-31,4950.03
2019-11-01,4908.65
2019-11-04,4974.36
2019-11-05,4995.46
2019-11-06,5022.11
2019-11-07,4970.53
2019-11-08,5036.66
2019-11-11,4961.19
2019-11-12,4878.97
2019-11-13,4878.97
2019-11-14,4875.25
2019-11-15,4910.21
2019-11-18,4862.28
2019-11-19,4892.34
2019-11-20,4975.76
2019-11-21,4929.85
2019-11-22,4954.31
2019-11-25,4905.0
2019-11-26,4906.43
2019-11-27,4881.4
2019-11-28,4897.65
2019-11-29,4888.35
2019-12-02,4897.63
2019-12-03,4889.41
2019-12-04,4902.49
2019-12-05,4927.78
2019-12-06,4968.04
2019-12-09,5020.22
2019-12-10,5012.47
2019-12-11,5044.94
2019-12-12,5025.49
2019-12-13,5047.9
2019-12-16,5095.35
2019-12-17,5167.23
2019-12-18,5235.48
2019-12-19,5236.92
2019-12-20,5244.21
2019-12-23,5161.28
2019-12-24,5098.81
2019-12-25,5157.37
2019-12-26,5181.38
2019-12-27,5223.47
2019-12-30,5160.31
2019-12-31,5239.91
2020-01-02,5306.67
2020-01-03,5376.03
2020-01-06,5365.22
2020-01-07,5441.9
2020-01-08,5481.98
2020-01-09,5465.86
2020-01-10,5511.67
2020-01-13,5478.32
2020-01-14,5576.63
2020-01-15,5532.96
2020-01-16,5539.42
2020-01-17,5539.72
2020-01-20,5523.01
2020-01-21,5581.01
2020-01-22,5502.59
2020-01-23,5521.79
2020-02-03,4896.89
2020-02-04,4736.12
2020-02-05,5035.41
2020-02-06,5128.19
2020-02-07,5287.27
2020-02-10,5322.01
2020-02-11,5390.53
2020-02-12,5345.52
2020-02-13,5456.66
2020-02-14,5407.47
2020-02-17,5454.46
2020-02-18,5607.84
2020-02-19,5654.18
2020-02-20,5619.52
2020-02-21,5704.84
2020-02-24,5784.58
2020-02-25,5745.62
2020-02-26,5824.05
2020-02-27,5770.22
2020-02-28,5558.42
2020-03-02,5516.44
2020-03-03,5756.79
2020-03-04,5670.5
2020-03-05,5795.25
2020-03-06,5737.1
2020-03-09,5668.64
2020-03-10,5459.17
2020-03-11,5692.72
2020-03-12,5507.32
2020-03-13,5225.51
2020-03-16,5496.89
2020-03-17,5245.52
2020-03-18,5257.94
2020-03-19,5119.94
2020-03-20,5217.49
2020-03-23,5079.36
2020-03-24,5089.15
2020-03-25,5200.78
2020-03-26,5180.47
2020-03-27,5222.85
2020-03-30,5073.7
2020-03-31,5073.52
2020-04-01,5029.58
2020-04-02,4998.63
2020-04-03,5143.52
2020-04-07,5202.55
2020-04-08,5243.16
2020-04-09,5301.27
2020-04-10,5321.79
2020-04-13,5176.44
2020-04-14,5197.17
2020-04-15,5291.97
2020-04-16,5245.93
2020-04-17,5354.98
2020-04-20,5329.87
2020-04-21,5358.6
2020-04-22,5304.73
2020-04-23,5402.65
2020-04-24,5350.54
2020-04-27,5278.98
2020-04-28,5268.13
2020-04-29,5203.71
2020-04-30,5261.05
2020-05-06,5320.94
2020-05-07,5454.25
2020-05-08,5474.87
2020-05-11,5529.11
2020-05-12,5494.07
2020-05-13,5495.9
2020-05-14,5513.08
2020-05-15,5510.15
2020-05-18,5522.72
2020-05-19,5515.03
2020-05-20,5545.04
2020-05-21,5508.2
2020-05-22,5421.73
2020-05-25,5323.97
2020-05-26,5341.11
2020-05-27,5426.56
2020-05-28,5367.27
2020-05-29,5349.57
2020-06-01,5446.29
2020-06-02,5595.36
2020-06-03,5583.7
2020-06-04,5589.35
2020-06-05,5585.16
2020-06-08,5618.38
2020-06-09,5582.14
2020-06-10,5611.66
2020-06-11,5618.64
2020-06-12,5483.78
2020-06-15,5605.88
2020-06-16,5633.26
2020-06-17,5708.69
2020-06-18,5738.03
2020-06-19,5733.43
2020-06-22,5793.79
2020-06-23,5783.12
2020-06-24,5808.54
2020-06-29,5774.46
2020-06-30,5790.07
2020-07-01,5884.54
2020-07-02,5880.88
2020-07-03,5990.0
2020-07-06,6095.96
2020-07-07,6368.31
2020-07-08,6378.95
2020-07-09,6541.29
2020-07-10,6664.33
2020-07-13,6710.64
2020-07-14,6897.0
2020-07-15,6815.62
2020-07-16,6642.33
2020-07-17,6327.03
2020-07-20,6419.08
2020-07-21,6546.57
2020-07-22,6554.17
2020-07-23,6562.05
2020-07-24,6584.81
2020-07-27,6304.59
2020-07-28,6345.68
2020-07-29,6341.01
2020-07-30,6548.7
2020-07-31,6499.39
2020-08-03,6635.34
2020-08-04,6758.49
2020-08-05,6696.69
2020-08-06,6780.33
2020-08-07,6743.29
2020-08-10,6666.56
2020-08-11,6727.77
2020-08-12,6580.01
2020-08-13,6552.37
2020-08-14,6542.6
2020-08-17,6646.54
2020-08-18,6747.61
2020-08-19,6782.59
2020-08-20,6622.01
2020-08-21,6628.9
2020-08-24,6667.3
2020-08-25,6698.12
2020-08-26,6650.45
2020-08-27,6538.14
2020-08-28,6571.9
2020-08-31,6719.29
2020-09-01,6667.17
2020-09-02,6725.69
2020-09-03,6715.1
2020-09-04,6545.89
2020-09-07,6619.9
2020-09-08,6493.77
2020-09-09,6455.31
2020-09-10,6404.66
2020-09-11,6209.79
2020-09-14,6350.36
2020-09-15,6351.04
2020-09-16,6379.52
2020-09-17,6345.67
2020-09-18,6367.79
2020-09-21,6492.23
2020-09-22,6392.03
2020-09-23,6382.28
2020-09-24,6353.69
2020-09-25,6271.7
2020-09-28,6255.02
2020-09-29,6206.99
2020-09-30,6245.12
2020-10-09,6300.07
2020-10-12,6408.08
2020-10-13,6538.84
2020-10-14,6547.84
2020-10-15,6511.07
2020-10-16,6456.74
2020-10-19,6466.57
2020-10-20,6349.64
2020-10-21,6426.19
2020-10-22,6331.8
2020-10-23,6312.01
2020-10-26,6195.35
2020-10-27,6187.47
2020-10-28,6221.74
2020-10-29,6168.91
2020-10-30,6272.93
2020-11-02,6119.45
2020-11-03,6175.16
2020-11-04,6246.64
2020-11-05,6294.61
2020-11-06,6366.19
2020-11-09,6337.44
2020-11-10,6434.43
2020-11-11,6356.37
2020-11-12,6305.07
2020-11-13,6304.46
2020-11-16,6319.7
2020-11-17,6380.77
2020-11-18,6333.45
2020-11-19,6328.08
2020-11-20,6354.79
2020-11-23,6435.92
2020-11-24,6472.75
2020-11-25,6489.26
2020-11-26,6349.86
2020-11-27,6337.38
2020-11-30,6360.46
2020-12-01,6307.85
2020-12-02,6437.96
2020-12-03,6437.38
2020-12-04,6426.03
2020-12-07,6465.99
2020-12-08,6424.16
2020-12-09,6430.48
2020-12-10,6295.35
2020-12-11,6328.83
2020-12-14,6207.83
2020-12-15,6250.1
2020-12-16,6268.21
2020-12-17,6225.08
2020-12-18,6310.16
2020-12-21,6302.26
2020-12-22,6372.88
2020-12-23,6255.35
2020-12-24,6308.48
2020-12-25,6190.99
2020-12-28,6283.78
2020-12-29,6240.74
2020-12-30,6196.45
2020-12-31,6282.96
2021-01-04,6395.61
2021-01-05,6470.25
2021-01-06,6549.73
2021-01-07,6523.68
2021-01-08,6541.56
2021-01-11,6557.45
2021-01-12,6425.82
2021-01-13,6550.03
2021-01-14,6471.79
2021-01-15,6427.13
2021-01-18,6414.83
2021-01-19,6510.48
2021-01-20,6477.67
2021-01-21,6552.03
2021-01-22,6619.86
2021-01-25,6636.22
2021-01-26,6621.15
2021-01-27,6527.68
2021-01-28,6475.86
2021-01-29,6448.67
2021-02-01,6338.64
2021-02-02,6404.85
2021-02-03,6459.66
2021-02-04,6375.67
2021-02-05,6343.83
2021-02-08,6247.92
2021-02-09,6334.42
2021-02-10,6474.75
2021-02-18,6657.31
2021-02-19,6600.25
2021-02-22,6731.51
2021-02-23,6613.6
2021-02-24,6633.28
2021-02-25,6600.21
2021-02-26,6365.74
2021-03-01,6407.16
2021-03-02,6514.02
2021-03-03,6426.04
2021-03-04,6482.79
2021-03-05,6325.75
2021-03-08,6453.78
2021-03-09,6235.31
2021-03-10,6164.77
2021-03-11,6074.33
2021-03-12,6231.49
2021-03-15,6192.3
2021-03-16,6176.07
2021-03-17,6180.89
2021-03-18,6231.19
2021-03-19,6195.25
2021-03-22,6208.93
2021-03-23,6307.98
2021-03-24,6180.31
2021-03-25,6118.87
2021-03-26,6164.82
2021-03-29,6270.0
2021-03-30,6239.47
2021-03-31,6277.7
2021-04-01,6259.41
2021-04-02,6316.56
2021-04-06,6345.89
2021-04-07,6350.38
2021-04-08,6332.93
2021-04-09,6345.29
2021-04-12,6325.26
2021-04-13,6210.22
2021-04-14,6206.64
2021-04-15,6263.63
2021-04-16,6283.86
2021-04-19,6331.71
2021-04-20,6419.73
2021-04-21,6396.27
2021-04-22,6444.28
2021-04-23,6445.52
2021-04-26,6480.3
2021-04-27,6434.61
2021-04-28,6433.1
2021-04-29,6495.65
2021-04-30,6470.35
2021-05-06,6503.6
2021-05-07,6505.58
2021-05-10,6461.42
2021-05-11,6436.29
2021-05-12,6434.91
2021-05-13,6448.96
2021-05-14,6454.68
2021-05-17,6521.89
2021-05-18,6578.97
2021-05-19,6582.1
2021-05-20,6541.09
2021-05-21,6557.49
2021-05-24,6515.83
2021-05-25,6549.34
2021-05-26,6631.37
2021-05-27,6629.24
2021-05-28,6699.28
2021-05-31,6681.55
2021-06-01,6718.64
2021-06-02,6740.5
2021-06-03,6680.11
2021-06-04,6642.06
2021-06-07,6705.74
2021-06-08,6726.09
2021-06-09,6677.14
2021-06-10,6688.82
2021-06-11,6773.64
2021-06-15,6734.1
2021-06-16,6659.49
2021-06-17,6554.3
2021-06-18,6610.27
2021-06-21,6652.65
2021-06-22,6723.3
2021-06-23,6741.58
2021-06-24,6791.86
2021-06-25,6748.87
2021-06-28,6814.32
2021-06-29,6833.06
2021-06-30,6767.74
2021-07-01,6827.7
2021-07-02,6701.06
2021-07-05,6670.13
2021-07-06,6727.97
2021-07-07,6661.85
2021-07-08,6774.85
2021-07-09,6721.61
2021-07-12,6852.48
2021-07-13,6901.81
2021-07-14,6953.82
2021-07-15,6874.81
2021-07-16,6931.05
2021-07-19,6912.1
2021-07-20,6831.05
2021-07-21,6923.61
2021-07-22,6996.26
2021-07-23,7036.3
2021-07-26,6974.11
2021-07-27,6877.44
2021-07-28,6650.15
2021-07-29,6720.62
2021-07-30,6739.75
2021-08-02,6756.81
2021-08-03,6844.37
2021-08-04,6814.08
2021-08-05,6920.94
2021-08-06,6929.02
2021-08-09,6914.32
2021-08-10,6970.83
2021-08-11,7024.77
2021-08-12,7059.47
2021-08-13,7070.47
2021-08-16,7087.58
2021-08-17,7045.76
2021-08-18,6883.27
2021-08-19,6917.51
2021-08-20,6915.02
2021-08-23,6949.33
2021-08-24,7031.65
2021-08-25,7092.15
2021-08-26,7151.53
2021-08-27,7096.66
2021-08-30,7202.63
2021-08-31,7202.52
2021-09-01,7271.03
2021-09-02,7172.4
2021-09-03,7335.7
2021-09-06,7297.36
2021-09-07,7360.38
2021-09-08,7496.33
2021-09-09,7534.98
2021-09-10,7613.6
2021-09-13,7613.54
2021-09-14,7630.72
2021-09-15,7535.25
2021-09-16,7616.88
2021-09-17,7421.81
2021-09-22,7305.08
2021-09-23,7512.33
2021-09-24,7490.56
2021-09-27,7400.01
2021-09-28,7158.62
2021-09-29,7142.76
2021-09-30,7034.69
2021-10-08,7191.23
2021-10-11,7102.88
2021-10-12,7069.35
2021-10-13,6957.73
2021-10-14,6970.65
2021-10-15,6996.12
2021-10-18,7027.14
2021-10-19,7060.78
2021-10-20,7081.99
2021-10-21,7127.64
2021-10-22,7089.14
2021-10-25,7019.02
2021-10-26,7120.07
2021-10-27,7093.12
2021-10-28,7026.29
2021-10-29,6955.85
2021-11-01,7005.07
2021-11-02,7061.0
2021-11-03,6975.06
2021-11-04,7031.95
2021-11-05,7071.08
2021-11-08,6986.5
2021-11-09,7037.57
2021-11-10,7061.64
2021-11-11,7048.86
2021-11-12,7118.99
2021-11-15,7166.04
2021-11-16,7083.92
2021-11-17,7043.63
2021-11-18,7108.78
2021-11-19,7083.01
2021-11-22,7177.4
2021-11-23,7245.95
2021-11-24,7260.22
2021-11-25,7262.79
2021-11-26,7216.64
2021-11-29,7129.94
2021-11-30,7252.33
2021-12-01,7239.13
2021-12-02,7256.42
2021-12-03,7233.57
2021-12-06,7308.99
2021-12-07,7274.13
2021-12-08,7225.0
2021-12-09,7298.8
2021-12-10,7285.97
2021-12-13,7334.11
2021-12-14,7330.24
2021-12-15,7319.66
2021-12-16,7323.41
2021-12-17,7380.72
2021-12-20,7290.95
2021-12-21,7190.97
2021-12-22,7289.91
2021-12-23,7306.16
2021-12-24,7336.0
2021-12-27,7269.37
2021-12-28,7281.0
2021-12-29,7275.67
2021-12-30,7246.03
2021-12-31,7320.94
2022-01-04,7387.81
2022-01-05,7343.9
2022-01-06,7187.95
2022-01-07,7232.41
2022-01-10,7161.44
2022-01-11,7187.02
2022-01-12,7160.18
2022-01-13,7203.24
2022-01-14,7063.42
2022-01-17,7080.62
2022-01-18,7163.13
2022-01-19,7144.48
2022-01-20,7119.51
2022-01-21,7037.94
2022-01-24,6942.92
2022-01-25,6960.0
2022-01-26,6762.35
2022-01-27,6781.61
2022-01-28,6690.18
2022-02-07,6664.57
2022-02-08,6678.99
2022-02-09,6736.75
2022-02-10,6841.16
2022-02-11,6811.78
2022-02-14,6711.59
2022-02-15,6700.82
2022-02-16,6779.21
2022-02-17,6764.33
2022-02-18,6734.52
2022-02-21,6843.08
2022-02-22,6827.05
2022-02-23,6785.1
2022-02-24,6861.41
2022-02-25,6805.64
2022-02-28,6831.49
2022-03-01,6868.62
2022-03-02,6853.07
2022-03-03,6900.98
2022-03-04,6823.83
2022-03-07,6800.77
2022-03-08,6650.58
2022-03-09,6443.2
2022-03-10,6424.91
2022-03-11,6343.19
2022-03-14,6419.24
2022-03-15,6272.44
2022-03-16,6068.9
2022-03-17,6233.64
2022-03-18,6249.48
2022-03-21,6340.56
2022-03-22,6343.4
2022-03-23,6368.31
2022-03-24,6370.97
2022-03-25,6346.71
2022-03-28,6230.12
2022-03-29,6289.48
2022-03-30,6272.0
2022-03-31,6361.1
2022-04-01,6289.39
2022-04-06,6363.0
2022-04-07,6321.81
2022-04-08,6227.2
2022-04-11,6202.02
2022-04-12,6019.67
2022-04-13,6094.68
2022-04-14,6074.13
2022-04-15,6094.12
2022-04-18,6019.53
2022-04-19,6067.48
2022-04-20,6082.81
2022-04-21,5933.79
2022-04-22,5728.19
2022-04-25,5656.39
2022-04-26,5374.25
2022-04-27,5179.03
2022-04-28,5398.9
2022-04-29,5458.91
2022-05-05,5612.5
2022-05-06,5560.98
2022-05-09,5552.48
2022-05-10,5532.6
2022-05-11,5697.43
2022-05-12,5707.56
2022-05-13,5765.32
2022-05-16,5840.24
2022-05-17,5789.92
2022-05-18,5815.61
2022-05-19,5708.8
2022-05-20,5854.01
2022-05-23,5941.14
2022-05-24,5962.15
2022-05-25,5741.23
2022-05-26,5848.03
2022-05-27,5921.33
2022-05-30,5918.24
2022-05-31,5940.37
2022-06-01,6008.75
2022-06-02,6000.62
2022-06-06,6079.89
2022-06-07,6186.58
2022-06-08,6184.96
2022-06-09,6207.73
2022-06-10,6083.5
2022-06-13,6188.77
2022-06-14,6161.62
2022-06-15,6275.37
2022-06-16,6262.29
2022-06-17,6220.58
2022-06-20,6323.41
2022-06-21,6324.84
2022-06-22,6281.87
2022-06-23,6186.99
2022-06-24,6306.83
2022-06-27,6398.36
2022-06-28,6412.44
2022-06-29,6479.17
2022-06-30,6385.21
2022-07-01,6450.75
2022-07-04,6445.07
2022-07-05,6535.45
2022-07-06,6489.02
2022-07-07,6414.41
2022-07-08,6478.29
2022-07-11,6387.45
2022-07-12,6317.88
2022-07-13,6238.68
2022-07-14,6267.47
2022-07-15,6279.68
2022-07-18,6216.1
2022-07-19,6318.84
2022-07-20,6353.0
2022-07-21,6400.07
2022-07-22,6353.92
2022-07-25,6297.1
2022-07-26,6239.21
2022-07-27,6301.61
2022-07-28,6361.27
2022-07-29,6356.52
2022-08-01,6293.38
2022-08-02,6288.61
2022-08-03,6171.62
2022-08-04,6160.49
2022-08-05,6175.48
2022-08-08,6266.57
2022-08-09,6314.1
2022-08-10,6331.41
2022-08-11,6349.5
2022-08-12,6425.11
2022-08-15,6405.72
2022-08-16,6446.76
2022-08-17,6473.25
2022-08-18,6481.37
2022-08-19,6468.82
2022-08-22,6381.34
2022-08-23,6460.17
2022-08-24,6470.69
2022-08-25,6303.14
2022-08-26,6331.08
2022-08-29,6213.4
2022-08-30,6309.58
2022-08-31,6265.59
2022-09-01,6153.29
2022-09-02,6135.3
2022-09-05,6147.71
2022-09-06,6198.49
2022-09-07,6269.99
2022-09-08,6299.91
2022-09-09,6275.9
2022-09-13,6334.86
2022-09-14,6214.91
2022-09-15,6280.45
2022-09-16,6091.42
2022-09-19,5947.86
2022-09-20,5949.34
2022-09-21,5943.09
2022-09-22,5938.1
2022-09-23,5961.06
2022-09-26,5841.58
2022-09-27,5823.55
2022-09-28,5910.05
2022-09-29,5823.27
2022-09-30,5764.15
2022-10-10,5729.75
2022-10-11,5642.48
2022-10-12,5680.36
2022-10-13,5789.66
2022-10-14,5866.86
2022-10-17,5952.38
2022-10-18,6031.05
2022-10-19,6021.8
2022-10-20,5943.48
2022-10-21,5959.21
2022-10-24,5968.54
2022-10-25,5864.02
2022-10-26,5871.08
2022-10-27,5978.28
2022-10-28,5922.82
2022-10-31,5745.08
2022-11-01,5814.21
2022-11-02,5925.65
2022-11-03,5944.51
2022-11-04,5996.31
2022-11-07,6133.24
2022-11-08,6139.89
2022-11-09,6140.54
2022-11-10,6085.28
2022-11-11,6223.23
2022-11-14,6140.19
2022-11-15,6125.11
2022-11-16,6238.58
2022-11-17,6182.69
2022-11-18,6213.09
2022-11-21,6147.72
2022-11-22,6178.16
2022-11-23,6114.27
2022-11-24,6126.6
2022-11-25,6095.13
2022-11-28,5999.85
2022-11-29,6071.45
2022-11-30,6156.77
2022-12-01,6211.29
2022-12-02,6177.92
2022-12-05,6201.98
2022-12-06,6202.52
2022-12-07,6198.05
2022-12-08,6199.16
2022-12-09,6185.79
2022-12-12,6181.24
2022-12-13,6153.74
2022-12-14,6122.43
2022-12-15,6090.12
2022-12-16,6071.96
2022-12-19,6058.89
2022-12-20,5919.03
2022-12-21,5879.27
2022-12-22,5867.72
2022-12-23,5751.95
2022-12-26,5769.07
2022-12-27,5857.75
2022-12-28,5869.46
2022-12-29,5843.94
2022-12-30,5875.28
2023-01-03,5861.55
2023-01-04,5952.51
2023-01-05,5959.44
2023-01-06,6004.17
2023-01-09,6028.4
2023-01-10,6044.64
2023-01-11,6049.04
2023-01-12,6022.56
2023-01-13,6030.93
2023-01-16,6068.91
2023-01-17,6129.73
2023-01-18,6139.69
2023-01-19,6145.62
2023-01-20,6214.03
2023-01-30,6331.88
2023-01-31,6266.3
2023-02-01,6300.5
2023-02-02,6383.3
2023-02-03,6354.71
2023-02-06,6314.6
2023-02-07,6309.22
2023-02-08,6319.52
2023-02-09,6256.31
2023-02-10,6349.0
2023-02-13,6333.22
2023-02-14,6394.62
2023-02-15,6398.87
2023-02-16,6384.21
2023-02-17,6284.92
2023-02-20,6248.26
2023-02-21,6349.91
2023-02-22,6352.03
2023-02-23,6377.29
2023-02-24,6367.63
2023-02-27,6318.64
2023-02-28,6323.84
2023-03-01,6356.5
2023-03-02,6398.26
2023-03-03,6384.06
2023-03-06,6398.1
2023-03-07,6389.81
2023-03-08,6264.43
2023-03-09,6311.04
2023-03-10,6251.56
2023-03-13,6189.98
2023-03-14,6237.73
2023-03-15,6210.93
2023-03-16,6191.3
2023-03-17,6174.19
2023-03-20,6195.35
2023-03-21,6171.89
2023-03-22,6244.36
2023-03-23,6253.58
2023-03-24,6312.43
2023-03-27,6304.48
2023-03-28,6314.58
2023-03-29,6285.95
2023-03-30,6257.64
2023-03-31,6284.85
2023-04-03,6346.69
2023-04-04,6414.82
2023-04-06,6387.23
2023-04-07,6418.26
2023-04-10,6474.94
2023-04-11,6405.63
2023-04-12,6415.7
2023-04-13,6438.16
2023-04-14,6420.31
2023-04-17,6422.87
2023-04-18,6448.76
2023-04-19,6444.87
2023-04-20,6408.81
2023-04-21,6411.51
2023-04-24,6250.96
2023-04-25,6205.62
2023-04-26,6095.13
2023-04-27,6127.64
2023-04-28,6151.64
2023-05-04,6223.23
2023-05-05,6255.7
2023-05-08,6202.68
2023-05-09,6242.66
2023-05-10,6167.13
2023-05-11,6185.67
2023-05-12,6138.94
2023-05-15,6094.68
2023-05-16,6159.17
2023-05-17,6097.98
2023-05-18,6132.52
2023-05-19,6116.84
2023-05-22,6111.84
2023-05-23,6114.21
2023-05-24,6032.69
2023-05-25,6000.22
2023-05-26,5983.14
2023-05-29,6046.54
2023-05-30,6008.46
2023-05-31,6044.02
2023-06-01,6028.8
2023-06-02,6061.91
2023-06-05,6102.13
2023-06-06,6088.66
2023-06-07,5982.31
2023-06-08,5971.72
2023-06-09,5968.7
2023-06-12,5999.62
2023-06-13,6016.69
2023-06-14,6046.44
2023-06-15,6049.47
2023-06-16,6094.84
2023-06-19,6148.85
2023-06-20,6122.74
2023-06-21,6104.25
2023-06-26,5947.57
2023-06-27,5897.69
2023-06-28,5945.64
2023-06-29,5928.71
2023-06-30,5931.87
2023-07-03,6009.27
2023-07-04,6042.72
2023-07-05,6050.35
2023-07-06,6010.66
2023-07-07,5973.98
2023-07-10,5980.61
2023-07-11,5991.02
2023-07-12,6030.64
2023-07-13,5986.25
2023-07-14,6052.95
2023-07-17,6012.76
2023-07-18,6015.98
2023-07-19,5998.38
2023-07-20,5996.84
2023-07-21,5914.35
2023-07-24,5913.57
2023-07-25,5976.97
2023-07-26,6014.76
2023-07-27,5998.85
2023-07-28,5945.91
2023-07-31,6059.11
2023-08-01,6086.9
2023-08-02,6088.14
2023-08-03,6062.64
2023-08-04,6126.15
2023-08-07,6115.84
2023-08-08,6077.3
2023-08-09,6049.45
2023-08-10,6013.35
2023-08-11,6030.05
2023-08-14,5864.48
2023-08-15,5919.77
2023-08-16,5858.6
2023-08-17,5808.91
2023-08-18,5875.11
2023-08-21,5764.67
2023-08-22,5733.25
2023-08-23,5732.39
2023-08-24,5650.36
2023-08-25,5624.77
2023-08-28,5885.88
2023-08-29,5631.01
2023-08-30,5780.28
2023-08-31,5770.95
2023-09-01,5746.41
2023-09-04,5772.03
2023-09-05,5819.97
2023-09-06,5771.85
2023-09-07,5782.07
2023-09-08,5684.66
2023-09-11,5723.02
2023-09-12,5774.47
2023-09-13,5764.82
2023-09-14,5714.67
2023-09-15,5716.29
2023-09-18,5685.85
2023-09-19,5713.49
2023-09-20,5677.92
2023-09-21,5638.44
2023-09-22,5606.83
2023-09-25,5694.9
2023-09-26,5661.03
2023-09-27,5642.39
2023-09-28,5687.64
2023-10-09,5679.64
2023-10-10,5665.66
2023-10-11,5639.07
2023-10-12,5655.61
2023-10-13,5645.44
2023-10-16,5633.3
2023-10-17,5585.14
2023-10-18,5586.02
2023-10-19,5496.76
2023-10-20,5443.46
2023-10-23,5400.54
2023-10-24,5311.67
2023-10-25,5386.43
2023-10-26,5351.16
2023-10-27,5387.27
2023-10-30,5484.62
2023-10-31,5547.32
2023-11-01,5534.89
2023-11-02,5514.52
2023-11-03,5462.14
2023-11-06,5549.29
2023-11-07,5594.47
2023-11-08,5602.97
2023-11-09,5602.49
2023-11-10,5577.34
2023-11-13,5589.06
2023-11-14,5602.98
2023-11-15,5677.55
2023-11-16,5647.06
2023-11-17,5598.95
2023-11-20,5635.59
2023-11-21,5669.17
2023-11-22,5622.86
2023-11-23,5566.73
2023-11-24,5619.32
2023-11-27,5562.75
2023-11-28,5561.58
2023-11-29,5588.77
2023-11-30,5548.52
2023-12-01,5541.23
2023-12-04,5578.42
2023-12-05,5542.87
2023-12-06,5448.46
2023-12-07,5475.27
2023-12-08,5484.68
2023-12-11,5473.65
2023-12-12,5560.44
2023-12-13,5557.05
2023-12-14,5532.99
2023-12-15,5499.37
2023-12-18,5436.99
2023-12-19,5380.73
2023-12-20,5386.0
2023-12-21,5286.45
2023-12-22,5337.38
2023-12-25,5301.57
2023-12-26,5312.8
2023-12-27,5261.57
2023-12-28,5280.69
2023-12-29,5376.98
2024-01-02,5431.48
2024-01-03,5398.29
2024-01-04,5395.14
2024-01-05,5347.07
2024-01-08,5268.23
2024-01-09,5176.11
2024-01-10,5167.73
2024-01-11,5152.36
2024-01-12,5213.14
2024-01-15,5189.53
2024-01-16,5188.37
2024-01-17,5180.93
2024-01-18,5033.1
2024-01-19,5056.48
2024-01-22,5008.68
2024-01-23,4771.5
2024-01-24,4886.2
2024-01-25,4931.63
2024-01-26,5055.29
2024-01-29,5032.11
2024-01-30,4898.36
2024-01-31,4786.81
2024-02-01,4667.91
2024-02-02,4686.1
2024-02-05,4527.71
2024-02-06,4411.3
2024-02-07,4813.95
2024-02-08,5131.8
2024-02-19,5225.14
2024-02-20,5107.57
2024-02-21,5101.41
2024-02-22,5133.55
2024-02-23,5190.65
2024-02-26,5194.74
2024-02-27,5174.82
2024-02-28,5311.43
2024-02-29,5154.15
2024-03-01,5350.86
2024-03-04,5386.94
2024-03-05,5358.22
2024-03-06,5332.83
2024-03-07,5354.33
2024-03-08,5282.41
2024-03-11,5342.18
2024-03-12,5445.88
2024-03-13,5430.04
2024-03-14,5415.15
2024-03-15,5380.02
2024-03-18,5472.31
2024-03-19,5514.55
2024-03-20,5469.61
2024-03-21,5505.7
2024-03-22,5454.41
2024-03-25,5369.78
2024-03-26,5291.52
2024-03-27,5280.73
2024-03-28,5156.48
2024-03-29,5220.55
2024-04-01,5309.83
2024-04-02,5395.48
2024-04-03,5373.5
2024-04-08,5358.96
2024-04-09,5294.47
2024-04-10,5335.73
2024-04-11,5244.05
2024-04-12,5307.72
2024-04-15,5270.04
2024-04-16,5309.1
2024-04-17,5211.25
2024-04-18,5317.8
2024-04-19,5322.36
2024-04-22,5289.41
2024-04-23,5257.77
2024-04-24,5210.18
2024-04-25,5240.48
2024-04-26,5258.38
2024-04-29,5371.21
2024-04-30,5471.17
2024-05-06,5498.44
2024-05-07,5532.32
2024-05-08,5516.45
2024-05-09,5461.36
2024-05-10,5562.19
2024-05-13,5503.13
2024-05-14,5508.47
2024-05-15,5495.56
2024-05-16,5461.11
2024-05-17,5418.66
2024-05-20,5496.79
2024-05-21,5511.48
2024-05-22,5472.01
2024-05-23,5448.94
2024-05-24,5348.51
2024-05-27,5325.85
2024-05-28,5363.33
2024-05-29,5308.59
2024-05-30,5316.4
2024-05-31,5310.72
2024-06-03,5300.79
2024-06-04,5263.23
2024-06-05,5328.87
2024-06-06,5291.52
2024-06-07,5247.15
2024-06-11,5182.41
2024-06-12,5209.13
2024-06-13,5231.91
2024-06-14,5180.29
2024-06-17,5189.28
2024-06-18,5207.98
2024-06-19,5235.48
2024-06-20,5162.16
2024-06-21,5079.92
2024-06-24,5072.8
2024-06-25,4989.07
2024-06-26,4942.17
2024-06-27,4998.99
2024-06-28,4914.67
2024-07-01,4943.79
2024-07-02,5000.58
2024-07-03,4945.4
2024-07-04,4917.44
2024-07-05,4828.86
2024-07-08,4857.02
2024-07-09,4775.31
2024-07-10,4857.48
2024-07-11,4902.81
2024-07-12,4926.98
2024-07-15,4903.52
2024-07-16,4877.6
2024-07-17,4893.41
2024-07-18,4822.13
2024-07-19,4853.04
2024-07-22,4872.64
2024-07-23,4862.97
2024-07-24,4712.29
2024-07-25,4644.42
2024-07-26,4670.45
2024-07-29,4740.5
2024-07-30,4694.52
2024-07-31,4694.73
2024-08-01,4893.87
2024-08-02,4816.94
2024-08-05,4756.08
2024-08-06,4740.45
2024-08-07,4747.98
2024-08-08,4737.09
2024-08-09,4778.26
2024-08-12,4716.96
2024-08-13,4713.96
2024-08-14,4729.81
2024-08-15,4656.7
2024-08-16,4703.6
2024-08-19,4666.33
2024-08-20,4684.29
2024-08-21,4589.09
2024-08-22,4589.5
2024-08-23,4523.99
2024-08-26,4542.86
2024-08-27,4532.49
2024-08-28,4486.43
2024-08-29,4483.55
2024-08-30,4557.5
2024-09-02,4631.9
2024-09-03,4543.22
2024-09-04,4567.69
2024-09-05,4585.17
2024-09-06,4609.34
2024-09-09,4517.57
2024-09-10,4509.32
2024-09-11,4490.19
2024-09-12,4518.99
2024-09-13,4500.39
2024-09-18,4450.09
2024-09-19,4481.46
2024-09-20,4514.96
2024-09-23,4495.78
2024-09-24,4524.22
2024-09-25,4743.63
2024-09-26,4726.0
2024-09-27,5027.26
2024-09-30,5449.79
2024-10-08,6417.81
2024-10-09,6013.7
2024-10-10,5768.61
2024-10-11,5650.05
2024-10-14,5503.65
2024-10-15,5578.26
2024-10-16,5393.67
2024-10-17,5499.77
2024-10-18,5416.03
2024-10-21,5680.56
2024-10-22,5703.32
2024-10-23,5745.11
2024-10-24,5747.56
2024-10-25,5735.29
2024-10-28,5816.33
2024-10-29,5903.31
2024-10-30,5793.83
2024-10-31,5839.98
2024-11-01,5893.32
2024-11-04,5835.39
2024-11-05,5925.87
2024-11-06,6134.92
2024-11-07,6061.73
2024-11-08,6306.8
2024-11-11,6211.03
2024-11-12,6349.23
2024-11-13,6234.16
2024-11-14,6240.61
2024-11-15,6055.54
2024-11-18,5940.49
2024-11-19,5836.61
2024-11-20,5920.32
2024-11-21,5973.15
2024-11-22,5969.08
2024-11-25,5754.55
2024-11-26,5727.37
2024-11-27,5669.55
2024-11-28,5802.8
2024-11-29,5748.17
2024-12-02,5853.71
2024-12-03,5946.74
2024-12-04,5929.48
2024-12-05,5855.74
2024-12-06,5903.5
2024-12-09,5983.33
2024-12-10,6132.29
2024-12-11,5973.33
2024-12-12,6048.78
2024-12-13,6065.95
2024-12-16,5983.16
2024-12-17,5896.97
2024-12-18,5861.26
2024-12-19,5829.26
2024-12-20,5889.95
2024-12-23,5917.69
2024-12-24,5827.16
2024-12-25,5896.43
2024-12-26,5830.72
2024-12-27,5892.69
2024-12-30,5890.46
2024-12-31,5902.03
2025-01-02,5717.92
2025-01-03,5552.75
2025-01-06,5421.07
2025-01-07,5429.17
2025-01-08,5462.32
2025-01-09,5437.81
2025-01-10,5449.0
2025-01-13,5319.7
2025-01-14,5393.76
2025-01-15,5559.58
2025-01-16,5546.7
2025-01-17,5524.21
2025-01-20,5621.92
2025-01-21,5639.6
2025-01-22,5606.85
2025-01-23,5659.37
2025-01-24,5570.48
2025-01-27,5660.48
2025-02-05,5643.17
2025-02-06,5606.87
2025-02-07,5750.29
2025-02-10,5858.24
2025-02-11,5890.37
2025-02-12,5841.36
2025-02-13,5938.2
2025-02-14,5893.93
2025-02-17,5979.84
2025-02-18,5935.5
2025-02-19,5834.95
2025-02-20,5941.6
2025-02-21,5969.65
2025-02-24,6057.38
2025-02-25,5967.04
2025-02-26,5990.29
2025-02-27,6050.19
2025-02-28,5997.92
2025-03-03,5875.95
2025-03-04,5845.47
2025-03-05,5937.11
2025-03-06,5980.38
2025-03-07,6029.38
2025-03-10,6022.68
2025-03-11,5944.42
2025-03-12,6068.38
2025-03-13,6032.85
2025-03-14,5993.97
2025-03-17,6119.61
2025-03-18,6126.04
2025-03-19,6117.42
2025-03-20,6094.84
2025-03-21,6038.99
2025-03-24,5973.05
2025-03-25,5969.42
2025-03-26,5935.85
2025-03-27,5932.52
2025-03-28,5954.73
2025-03-31,5886.96
2025-04-01,5870.94
2025-04-02,5884.89
2025-04-03,5842.62
2025-04-07,5523.96
2025-04-08,5279.76
2025-04-09,5249.68
2025-04-10,5534.56
2025-04-11,5514.19
2025-04-14,5633.78
2025-04-15,5625.0
2025-04-16,5589.78
2025-04-17,5527.59
2025-04-18,5546.97
2025-04-21,5556.51
2025-04-22,5634.89
2025-04-23,5647.91
2025-04-24,5633.02
2025-04-25,5613.14
2025-04-28,5624.42
2025-04-29,5583.72
2025-04-30,5604.65
2025-05-06,5668.88
2025-05-07,5805.66
2025-05-08,5731.72
2025-05-09,5770.44
2025-05-12,5751.44
2025-05-13,5838.03
2025-05-14,5778.08
2025-05-15,5786.78
2025-05-16,5703.74
2025-05-19,5719.44
2025-05-20,5723.51
2025-05-21,5741.69
2025-05-22,5739.19
2025-05-23,5697.14
2025-05-26,5653.21
2025-05-27,5666.3
2025-05-28,5651.88
2025-05-29,5637.06
2025-05-30,5704.77
2025-06-03,5653.67
2025-06-04,5696.57
2025-06-05,5741.03
2025-06-06,5768.4
2025-06-09,5772.78
2025-06-10,5809.83
2025-06-11,5758.53
2025-06-12,5780.97
2025-06-13,5783.16
2025-06-16,5725.0
2025-06-17,5772.3
2025-06-18,5740.16
2025-06-19,5733.81
2025-06-20,5669.09
2025-06-23,5613.28
2025-06-24,5683.46
2025-06-25,5777.74
2025-06-26,5868.29
2025-06-27,5850.43
2025-06-30,5877.67
2025-07-01,5915.8
2025-07-02,5922.54
2025-07-03,5896.24
2025-07-04,5917.75
2025-07-07,5901.4
2025-07-08,5903.1
2025-07-09,5980.65
2025-07-10,5950.97
2025-07-11,5985.82
2025-07-14,6033.18
2025-07-15,6018.63
2025-07-16,6019.58
2025-07-17,6013.71
2025-07-18,6092.23
2025-07-21,6115.03
2025-07-22,6166.62
2025-07-23,6218.21
2025-07-24,6197.85
2025-07-25,6297.63
2025-07-28,6305.22
2025-07-29,6308.12
2025-07-30,6345.37
2025-07-31,6297.91
2025-08-01,6221.05
2025-08-04,6190.34
2025-08-05,6277.01
2025-08-06,6298.93
2025-08-07,6356.33
2025-08-08,6324.17
2025-08-11,6335.43
2025-08-12,6392.4
2025-08-13,6422.79
2025-08-14,6509.21
2025-08-15,6417.39
2025-08-18,6612.99
2025-08-19,6663.16
2025-08-20,6623.61
2025-08-21,6739.69
2025-08-22,6704.03
2025-08-25,6886.27
2025-08-26,6928.29
2025-08-27,6964.77
2025-08-28,6858.5
2025-08-29,7030.27
2025-09-01,7087.73
2025-09-02,7108.94
2025-09-03,6988.02
2025-09-04,6884.36
2025-09-05,6709.15
2025-09-08,6927.41
2025-09-09,6959.94
2025-09-10,6911.11
2025-09-11,6924.3
2025-09-12,7115.61
2025-09-15,7170.41
2025-09-16,7152.19
2025-09-17,7184.26
2025-09-18,7248.28
2025-09-19,7200.69
2025-09-22,7182.89
2025-09-23,7240.85
2025-09-24,7140.31
2025-09-25,7325.66
2025-09-26,7311.84
2025-09-29,7251.52
2025-09-30,7372.52
2025-10-09,7470.05
2025-10-10,7499.39
2025-10-13,7135.1
2025-10-14,7434.11
2025-10-15,7205.74
2025-10-16,7269.26
2025-10-17,7226.42
2025-10-20,7092.88
2025-10-21,7095.62
2025-10-22,7135.21
2025-10-23,7108.85
2025-10-24,7175.92
2025-10-27,7336.2
2025-10-28,7344.45
2025-10-29,7350.76
2025-10-30,7462.43
2025-10-31,7385.74
2025-11-03,7327.12
2025-11-04,7315.19
2025-11-05,7098.96
2025-11-06,7243.2
2025-11-07,7307.3
2025-11-10,7357.34
2025-11-11,7364.93
2025-11-12,7264.79
2025-11-13,7243.64
2025-11-14,7283.7
2025-11-17,7248.92
2025-11-18,7215.03
2025-11-19,7141.26
2025-11-20,7174.1
2025-11-21,6955.75
2025-11-24,6856.75
2025-11-25,6915.12
2025-11-26,6946.08
2025-11-27,6970.73
2025-11-28,6947.24
2025-12-01,7053.85
2025-12-02,7084.8
2025-12-03,7044.86
2025-12-04,7001.64
2025-12-05,7008.65
2025-12-08,7119.05
2025-12-09,7150.97
2025-12-10,7111.57
2025-12-11,7171.21
2025-12-12,7088.1
2025-12-15,7121.38
2025-12-16,7101.67
2025-12-17,7002.51
2025-12-18,7096.98
2025-12-19,7124.4
2025-12-22,7205.49
2025-12-23,7257.91
2025-12-24,7257.62
2025-12-25,7341.92
2025-12-26,7422.6
2025-12-29,7467.5
2025-12-30,7390.14
2025-12-31,7473.75
2026-01-05,7523.88
2026-01-06,7663.94
2026-01-07,7838.91
2026-01-08,7853.21
2026-01-09,7907.85
2026-01-12,8141.63
2026-01-13,8270.42
2026-01-14,8165.35
2026-01-15,8170.35
2026-01-16,8241.69
2026-01-19,8199.5
2026-01-20,8307.64
2026-01-21,8196.56
2026-01-22,8355.68
2026-01-23,8422.36
2026-01-26,8624.89
2026-01-27,8464.65
2026-01-28,8565.34
2026-01-29,8584.68
2026-01-30,8439.65
2026-02-02,8279.72
2026-02-03,8135.87
2026-02-04,8270.84
2026-02-05,8203.06
2026-02-06,8054.22
2026-02-09,8280.11
2026-02-10,8318.53
2026-02-11,8295.33
2026-02-12,8342.37
2026-02-13,8366.33
2026-02-24,8403.31
2026-02-25,8412.08
2026-02-26,8542.83
2026-02-27,8499.8
2026-03-02,8585.85
2026-03-03,8651.06
2026-03-04,8167.98
2026-03-05,8383.55
2026-03-06,8273.18
2026-03-09,8234.19
2026-03-10,8341.14
2026-03-11,8419.31
2026-03-12,8396.72
2026-03-13,8317.78
