,创业板
2010-06-01,578031.0
2010-06-02,445508.16
2010-06-03,663585.5
2010-06-04,551224.94
2010-06-07,950013.88
2010-06-08,692974.75
2010-06-09,899486.5
2010-06-10,824273.06
2010-06-11,844904.06
2010-06-17,675741.0
2010-06-18,582772.0
2010-06-21,560426.88
2010-06-22,506748.0
2010-06-23,460867.44
2010-06-24,390494.81
2010-06-25,611833.56
2010-06-28,416641.63
2010-06-29,595015.25
2010-06-30,432201.31
2010-07-01,403856.44
2010-07-02,456946.75
2010-07-05,308916.53
2010-07-06,399539.69
2010-07-07,364605.34
2010-07-08,516545.34
2010-07-09,543575.0
2010-07-12,456695.91
2010-07-13,511477.16
2010-07-14,498649.44
2010-07-15,429847.25
2010-07-16,343881.38
2010-07-19,311946.09
2010-07-20,473851.66
2010-07-21,615452.25
2010-07-22,435667.0
2010-07-23,533908.63
2010-07-26,462604.38
2010-07-27,457408.56
2010-07-28,680819.56
2010-07-29,695802.88
2010-07-30,578824.19
2010-08-02,658524.19
2010-08-03,635281.88
2010-08-04,532747.75
2010-08-05,650316.63
2010-08-06,852661.13
2010-08-09,854773.88
2010-08-10,823870.06
2010-08-11,591719.19
2010-08-12,896117.69
2010-08-13,653917.0
2010-08-16,734046.75
2010-08-17,702658.06
2010-08-18,665430.81
2010-08-19,626993.38
2010-08-20,946896.19
2010-08-23,669192.5
2010-08-24,627278.13
2010-08-25,773203.06
2010-08-26,624578.69
2010-08-27,788776.19
2010-08-30,850181.56
2010-08-31,805454.44
2010-09-01,876361.0
2010-09-02,1104856.0
2010-09-03,1246859.75
2010-09-06,985269.38
2010-09-07,657173.06
2010-09-08,657784.13
2010-09-09,820926.88
2010-09-10,738810.63
2010-09-13,689953.75
2010-09-14,696865.63
2010-09-15,793795.56
2010-09-16,590296.63
2010-09-17,539568.81
2010-09-20,463837.03
2010-09-21,368526.09
2010-09-27,360837.03
2010-09-28,675689.75
2010-09-29,451222.28
2010-09-30,396767.88
2010-10-08,527291.44
2010-10-11,647945.63
2010-10-12,505433.03
2010-10-13,766994.25
2010-10-14,699695.25
2010-10-15,640327.0
2010-10-18,597525.88
2010-10-19,1178027.88
2010-10-20,1173025.13
2010-10-21,715569.13
2010-10-22,800847.19
2010-10-25,934980.31
2010-10-26,1125650.38
2010-10-27,896338.75
2010-10-28,847149.25
2010-10-29,1154418.0
2010-11-01,1424263.75
2010-11-02,1244745.88
2010-11-03,819469.25
2010-11-04,639280.63
2010-11-05,825289.19
2010-11-08,973049.25
2010-11-09,995805.38
2010-11-10,1113095.25
2010-11-11,1189969.13
2010-11-12,1621764.13
2010-11-15,1278141.75
2010-11-16,1591942.5
2010-11-17,1087505.88
2010-11-18,847064.5
2010-11-19,1209680.75
2010-11-22,1566236.63
2010-11-23,1129667.38
2010-11-24,1121007.25
2010-11-25,1106924.38
2010-11-26,932684.0
2010-11-29,1078604.38
2010-11-30,1252579.75
2010-12-01,644947.69
2010-12-02,720834.19
2010-12-03,674812.0
2010-12-06,618440.19
2010-12-07,511990.03
2010-12-08,547929.25
2010-12-09,785962.81
2010-12-10,667418.94
2010-12-13,973147.88
2010-12-14,856948.88
2010-12-15,1028932.69
2010-12-16,881623.06
2010-12-17,859973.94
2010-12-20,1180220.75
2010-12-21,793569.0
2010-12-22,921536.13
2010-12-23,829588.94
2010-12-24,704527.13
2010-12-27,653509.44
2010-12-28,577480.38
2010-12-29,676259.88
2010-12-30,590589.56
2010-12-31,586973.44
2011-01-04,740300.69
2011-01-05,734184.06
2011-01-06,686923.38
2011-01-07,954823.56
2011-01-10,721941.25
2011-01-11,585369.56
2011-01-12,523928.47
2011-01-13,731782.38
2011-01-14,623560.06
2011-01-17,692248.94
2011-01-18,402736.91
2011-01-19,474898.84
2011-01-20,577051.38
2011-01-21,507548.53
2011-01-24,550029.44
2011-01-25,545679.13
2011-01-26,447107.63
2011-01-27,447825.09
2011-01-28,384595.13
2011-01-31,484398.28
2011-02-01,562779.63
2011-02-09,478895.88
2011-02-10,673988.06
2011-02-11,717386.31
2011-02-14,839667.13
2011-02-15,986446.56
2011-02-16,921695.75
2011-02-17,936821.38
2011-02-18,886147.69
2011-02-21,942312.13
2011-02-22,1244932.38
2011-02-23,994705.63
2011-02-24,941368.44
2011-02-25,787787.38
2011-02-28,761356.38
2011-03-01,804156.19
2011-03-02,693844.13
2011-03-03,687745.81
2011-03-04,542659.0
2011-03-07,665886.19
2011-03-08,881215.31
2011-03-09,890400.69
2011-03-10,983775.88
2011-03-11,1076442.75
2011-03-14,929561.69
2011-03-15,1029075.13
2011-03-16,997323.06
2011-03-17,961810.25
2011-03-18,642276.69
2011-03-21,644869.44
2011-03-22,676119.0
2011-03-23,657595.38
2011-03-24,681994.31
2011-03-25,710648.19
2011-03-28,819014.31
2011-03-29,980527.0
2011-03-30,641217.63
2011-03-31,513541.44
2011-04-01,412594.09
2011-04-06,496095.03
2011-04-07,546547.75
2011-04-08,495462.91
2011-04-11,555028.63
2011-04-12,437398.63
2011-04-13,501665.63
2011-04-14,464728.84
2011-04-15,533486.31
2011-04-18,460967.28
2011-04-19,536958.19
2011-04-20,532473.44
2011-04-21,723181.81
2011-04-22,564462.19
2011-04-25,588871.81
2011-04-26,565232.94
2011-04-27,514559.94
2011-04-28,525137.25
2011-04-29,347907.25
2011-05-03,318896.16
2011-05-04,332030.84
2011-05-05,382769.06
2011-05-06,352225.63
2011-05-09,371639.19
2011-05-10,318377.31
2011-05-11,441031.69
2011-05-12,426644.19
2011-05-13,392692.66
2011-05-16,347283.56
2011-05-17,391731.09
2011-05-18,407817.0
2011-05-19,334640.56
2011-05-20,335148.88
2011-05-23,439333.03
2011-05-24,594486.94
2011-05-25,472099.63
2011-05-26,371925.25
2011-05-27,374463.53
2011-05-30,457186.72
2011-05-31,515770.22
2011-06-01,486853.28
2011-06-02,440738.31
2011-06-03,414048.13
2011-06-07,332977.41
2011-06-08,433092.75
2011-06-09,413909.66
2011-06-10,366423.5
2011-06-13,333302.63
2011-06-14,350710.66
2011-06-15,408017.41
2011-06-16,337161.19
2011-06-17,276636.34
2011-06-20,287613.69
2011-06-21,299927.72
2011-06-22,350531.72
2011-06-23,594358.5
2011-06-24,699428.25
2011-06-27,686433.81
2011-06-28,467237.94
2011-06-29,587246.06
2011-06-30,489135.66
2011-07-01,617035.31
2011-07-04,735435.5
2011-07-05,717543.81
2011-07-06,863982.81
2011-07-07,1065570.0
2011-07-08,731971.63
2011-07-11,662446.94
2011-07-12,867030.5
2011-07-13,815726.75
2011-07-14,1092051.38
2011-07-15,1388147.5
2011-07-18,1102938.63
2011-07-19,970335.31
2011-07-20,827815.13
2011-07-21,731600.69
2011-07-22,745739.06
2011-07-25,964992.13
2011-07-26,655933.44
2011-07-27,923337.44
2011-07-28,908010.31
2011-07-29,877632.81
2011-08-01,911039.38
2011-08-02,1126909.75
2011-08-03,1488659.88
2011-08-04,1091495.0
2011-08-05,1029198.0
2011-08-08,1107353.75
2011-08-09,983604.0
2011-08-10,1001049.19
2011-08-11,1114485.0
2011-08-12,1058058.88
2011-08-15,1067956.25
2011-08-16,962386.75
2011-08-17,957837.5
2011-08-18,960011.56
2011-08-19,1168986.38
2011-08-22,1087915.38
2011-08-23,1362719.88
2011-08-24,1611882.88
2011-08-25,1326633.0
2011-08-26,1400818.25
2011-08-29,1277506.0
2011-08-30,1187877.13
2011-08-31,985111.94
2011-09-01,813480.38
2011-09-02,791384.19
2011-09-05,795125.25
2011-09-06,773062.06
2011-09-07,750040.38
2011-09-08,798796.88
2011-09-09,635758.88
2011-09-13,542178.38
2011-09-14,560807.06
2011-09-15,610011.38
2011-09-16,638063.81
2011-09-19,518246.19
2011-09-20,463795.34
2011-09-21,709993.5
2011-09-22,661073.5
2011-09-23,539492.06
2011-09-26,463954.34
2011-09-27,598787.31
2011-09-28,540845.69
2011-09-29,552818.44
2011-09-30,400654.66
2011-10-10,354565.63
2011-10-11,542704.94
2011-10-12,765913.19
2011-10-13,903852.75
2011-10-14,725085.44
2011-10-17,825607.94
2011-10-18,852804.19
2011-10-19,655471.5
2011-10-20,708676.44
2011-10-21,528039.38
2011-10-24,661261.56
2011-10-25,928578.38
2011-10-26,1274089.13
2011-10-27,1063617.38
2011-10-28,1207239.13
2011-10-31,1337850.63
2011-11-01,1335187.88
2011-11-02,1853209.38
2011-11-03,2195449.25
2011-11-04,1442035.75
2011-11-07,1118448.0
2011-11-08,1138594.25
2011-11-09,1446260.13
2011-11-10,2127179.75
2011-11-11,1529922.63
2011-11-14,1730179.88
2011-11-15,1608662.63
2011-11-16,1558101.38
2011-11-17,1553725.5
2011-11-18,1397589.25
2011-11-21,1056227.25
2011-11-22,925062.38
2011-11-23,1023334.69
2011-11-24,990130.56
2011-11-25,938087.63
2011-11-28,881418.56
2011-11-29,1022845.31
2011-11-30,1236184.0
2011-12-01,1262859.38
2011-12-02,861816.31
2011-12-05,725094.94
2011-12-06,673998.56
2011-12-07,638392.88
2011-12-08,915257.75
2011-12-09,668168.94
2011-12-12,539668.25
2011-12-13,693055.0
2011-12-14,660059.0
2011-12-15,664024.5
2011-12-16,840840.06
2011-12-19,999473.25
2011-12-20,819864.31
2011-12-21,772184.63
2011-12-22,893360.88
2011-12-23,698641.19
2011-12-26,563303.13
2011-12-27,633985.25
2011-12-28,581750.56
2011-12-29,523768.47
2011-12-30,592243.0
2012-01-04,625542.0
2012-01-05,718391.94
2012-01-06,567851.13
2012-01-09,728146.0
2012-01-10,1020413.94
2012-01-11,920083.06
2012-01-12,752713.0
2012-01-13,919545.44
2012-01-16,570709.44
2012-01-17,771478.56
2012-01-18,823536.06
2012-01-19,718105.63
2012-01-20,614872.44
2012-01-30,625436.88
2012-01-31,519552.5
2012-02-01,638126.88
2012-02-02,659332.81
2012-02-03,851580.0
2012-02-06,837100.13
2012-02-07,692264.5
2012-02-08,786615.19
2012-02-09,1060222.0
2012-02-10,815415.06
2012-02-13,1016938.19
2012-02-14,750993.69
2012-02-15,979272.63
2012-02-16,1091065.5
2012-02-17,842679.38
2012-02-20,1054862.13
2012-02-21,1289485.13
2012-02-22,1707625.5
2012-02-23,1646154.13
2012-02-24,1447195.88
2012-02-27,1597254.88
2012-02-28,1583191.75
2012-02-29,1187824.5
2012-03-01,987318.38
2012-03-02,1054174.13
2012-03-05,1258351.63
2012-03-06,1209224.13
2012-03-07,1161857.63
2012-03-08,1095482.0
2012-03-09,1393315.88
2012-03-12,1450477.75
2012-03-13,1447123.88
2012-03-14,2228060.0
2012-03-15,1536628.38
2012-03-16,1320620.75
2012-03-19,1342896.25
2012-03-20,1263264.88
2012-03-21,1246478.13
2012-03-22,930782.13
2012-03-23,891302.69
2012-03-26,750421.31
2012-03-27,832745.44
2012-03-28,1034320.69
2012-03-29,879628.0
2012-03-30,752452.38
2012-04-05,813904.75
2012-04-06,812333.44
2012-04-09,661742.19
2012-04-10,833592.94
2012-04-11,728934.19
2012-04-12,874250.13
2012-04-13,904812.88
2012-04-16,702092.31
2012-04-17,720504.69
2012-04-18,865868.5
2012-04-19,867157.63
2012-04-20,856381.31
2012-04-23,1218452.13
2012-04-24,976864.69
2012-04-25,748875.69
2012-04-26,639400.06
2012-04-27,664578.31
2012-05-02,729761.13
2012-05-03,716329.63
2012-05-04,955941.5
2012-05-07,1136581.75
2012-05-08,1225610.5
2012-05-09,1072211.13
2012-05-10,936461.44
2012-05-11,1059736.63
2012-05-14,1078106.25
2012-05-15,855177.13
2012-05-16,799587.38
2012-05-17,783174.44
2012-05-18,950685.06
2012-05-21,771887.44
2012-05-22,706582.25
2012-05-23,835579.69
2012-05-24,793872.88
2012-05-25,740513.94
2012-05-28,695791.19
2012-05-29,861471.88
2012-05-30,944950.06
2012-05-31,1047069.0
2012-06-01,1028175.06
2012-06-04,989063.5
2012-06-05,698078.06
2012-06-06,613592.69
2012-06-07,712942.75
2012-06-08,843878.38
2012-06-11,1056412.63
2012-06-12,1054072.5
2012-06-13,1139390.5
2012-06-14,1117315.38
2012-06-15,1069093.75
2012-06-18,1266106.63
2012-06-19,1367633.38
2012-06-20,1338278.0
2012-06-21,1207773.13
2012-06-25,1024699.69
2012-06-26,934680.88
2012-06-27,1115394.5
2012-06-28,1154326.13
2012-06-29,1094366.75
2012-07-02,1266242.0
2012-07-03,1501655.88
2012-07-04,1265142.63
2012-07-05,1265847.13
2012-07-06,1394695.88
2012-07-09,1251333.63
2012-07-10,1125874.13
2012-07-11,928932.38
2012-07-12,1201007.13
2012-07-13,1176992.25
2012-07-16,1238172.88
2012-07-17,813586.0
2012-07-18,933048.5
2012-07-19,1060673.63
2012-07-20,856198.19
2012-07-23,792810.31
2012-07-24,791652.69
2012-07-25,958191.63
2012-07-26,933444.69
2012-07-27,929752.06
2012-07-30,808116.31
2012-07-31,726819.56
2012-08-01,726423.69
2012-08-02,800746.44
2012-08-03,995173.69
2012-08-06,1216636.0
2012-08-07,1239407.25
2012-08-08,951271.81
2012-08-09,1136118.88
2012-08-10,997713.44
2012-08-13,974397.75
2012-08-14,996143.44
2012-08-15,838006.88
2012-08-16,651914.13
2012-08-17,757589.38
2012-08-20,787394.13
2012-08-21,1283967.25
2012-08-22,1383039.25
2012-08-23,1340026.5
2012-08-24,1182266.25
2012-08-27,980982.69
2012-08-28,986450.56
2012-08-29,1186480.0
2012-08-30,1388442.5
2012-08-31,849018.75
2012-09-03,1011403.38
2012-09-04,1183112.25
2012-09-05,1148749.5
2012-09-06,1174080.5
2012-09-07,1981487.88
2012-09-10,1737434.13
2012-09-11,1517798.13
2012-09-12,1362442.13
2012-09-13,1320510.25
2012-09-14,1171648.63
2012-09-17,924935.81
2012-09-18,747722.0
2012-09-19,722956.38
2012-09-20,1019195.5
2012-09-21,819140.13
2012-09-24,657408.69
2012-09-25,632687.13
2012-09-26,648985.5
2012-09-27,816164.88
2012-09-28,733223.44
2012-10-08,615903.44
2012-10-09,989680.75
2012-10-10,1088865.13
2012-10-11,1010331.63
2012-10-12,835852.06
2012-10-15,829254.5
2012-10-16,711867.38
2012-10-17,647967.0
2012-10-18,848852.75
2012-10-19,731127.69
2012-10-22,662426.88
2012-10-23,762522.19
2012-10-24,616486.06
2012-10-25,688520.38
2012-10-26,696271.94
2012-10-29,497039.06
2012-10-30,484259.63
2012-10-31,479787.06
2012-11-01,720508.38
2012-11-02,582571.56
2012-11-05,637522.56
2012-11-06,718958.63
2012-11-07,574219.19
2012-11-08,611095.56
2012-11-09,532267.44
2012-11-12,587460.25
2012-11-13,680379.69
2012-11-14,631071.88
2012-11-15,615816.63
2012-11-16,584686.88
2012-11-19,590983.25
2012-11-20,668898.56
2012-11-21,719114.94
2012-11-22,607216.44
2012-11-23,626462.94
2012-11-26,536288.69
2012-11-27,705556.0
2012-11-28,482314.81
2012-11-29,465464.38
2012-11-30,424051.03
2012-12-03,466174.72
2012-12-04,517526.38
2012-12-05,802733.38
2012-12-06,603037.56
2012-12-07,804190.81
2012-12-10,994791.13
2012-12-11,823594.56
2012-12-12,822128.56
2012-12-13,726201.06
2012-12-14,1184629.0
2012-12-17,1049817.0
2012-12-18,974114.0
2012-12-19,852470.56
2012-12-20,1131826.75
2012-12-21,1433945.63
2012-12-24,1311277.38
2012-12-25,1655555.13
2012-12-26,1816123.63
2012-12-27,1761994.75
2012-12-28,1434519.63
2012-12-31,1391779.75
2013-01-04,1515400.5
2013-01-07,1582922.63
2013-01-08,1983314.5
2013-01-09,1867832.13
2013-01-10,1621109.5
2013-01-11,2056931.38
2013-01-14,2201069.5
2013-01-15,2588293.25
2013-01-16,2005753.5
2013-01-17,1581566.63
2013-01-18,1663722.25
2013-01-21,1624130.0
2013-01-22,1730331.0
2013-01-23,1405789.13
2013-01-24,1672037.0
2013-01-25,1074998.25
2013-01-28,1245632.88
2013-01-29,1501308.63
2013-01-30,1441798.63
2013-01-31,1351912.88
2013-02-01,1255444.0
2013-02-04,1339211.13
2013-02-05,1130810.88
2013-02-06,1077590.13
2013-02-07,1124018.25
2013-02-08,1350416.63
2013-02-18,1584147.63
2013-02-19,1458809.0
2013-02-20,1669166.75
2013-02-21,1888164.25
2013-02-22,1395087.5
2013-02-25,1552152.38
2013-02-26,1909537.38
2013-02-27,1572818.63
2013-02-28,1605769.5
2013-03-01,2138383.25
2013-03-04,2172093.75
2013-03-05,1724279.63
2013-03-06,2152463.0
2013-03-07,1972975.25
2013-03-08,1363905.88
2013-03-11,1044673.56
2013-03-12,1644953.5
2013-03-13,1065218.25
2013-03-14,954654.5
2013-03-15,1273534.25
2013-03-18,1056865.75
2013-03-19,1047487.38
2013-03-20,1245149.75
2013-03-21,1510882.25
2013-03-22,1172441.5
2013-03-25,1073508.13
2013-03-26,1128855.25
2013-03-27,1040160.38
2013-03-28,1188696.63
2013-03-29,910184.44
2013-04-01,997240.0
2013-04-02,1286223.0
2013-04-03,984592.0
2013-04-08,1056459.38
2013-04-09,917742.69
2013-04-10,886550.75
2013-04-11,723517.81
2013-04-12,672806.69
2013-04-15,612863.69
2013-04-16,664762.31
2013-04-17,873604.13
2013-04-18,996313.06
2013-04-19,1307739.75
2013-04-22,1433787.88
2013-04-23,1452445.13
2013-04-24,1571085.25
2013-04-25,1958708.0
2013-04-26,1278501.75
2013-05-02,1050694.38
2013-05-03,1459716.63
2013-05-06,1859853.75
2013-05-07,1595787.0
2013-05-08,1885727.75
2013-05-09,2375863.25
2013-05-10,2131041.25
2013-05-13,1830650.88
2013-05-14,1740934.75
2013-05-15,1937578.25
2013-05-16,2745293.25
2013-05-17,2129010.25
2013-05-20,2776713.0
2013-05-21,2906563.75
2013-05-22,2724862.25
2013-05-23,2270193.75
2013-05-24,2429748.75
2013-05-27,2645753.75
2013-05-28,2398907.25
2013-05-29,1790907.13
2013-05-30,2034619.13
2013-05-31,2249956.25
2013-06-03,2133122.0
2013-06-04,2032166.5
2013-06-05,1497328.5
2013-06-06,1517404.63
2013-06-07,1662104.63
2013-06-13,1613830.5
2013-06-14,2000301.0
2013-06-17,2378082.75
2013-06-18,1969759.88
2013-06-19,1785493.5
2013-06-20,1881414.25
2013-06-21,1750257.25
2013-06-24,1910526.13
2013-06-25,2311277.75
2013-06-26,2633416.0
2013-06-27,2808219.0
2013-06-28,1911744.13
2013-07-01,1990476.13
2013-07-02,2646334.5
2013-07-03,2760749.5
2013-07-04,2474008.75
2013-07-05,2192359.0
2013-07-08,1899087.25
2013-07-09,1683821.63
2013-07-10,1968198.0
2013-07-11,2173933.25
2013-07-12,2571135.0
2013-07-15,2936338.0
2013-07-16,2795102.5
2013-07-17,2842938.0
2013-07-18,2547494.5
2013-07-19,2947264.5
2013-07-22,2583533.25
2013-07-23,3261585.5
2013-07-24,3470863.5
2013-07-25,3380104.5
2013-07-26,2418531.75
2013-07-29,2376119.5
2013-07-30,2208837.25
2013-07-31,1835438.5
2013-08-01,2742980.0
2013-08-02,3120988.25
2013-08-05,2538941.0
2013-08-06,2800671.25
2013-08-07,2702532.0
2013-08-08,2107053.25
2013-08-09,2302266.75
2013-08-12,2304891.0
2013-08-13,2079663.13
2013-08-14,2503386.0
2013-08-15,2362922.75
2013-08-16,2469832.25
2013-08-19,2120625.25
2013-08-20,2439728.0
2013-08-21,2253261.75
2013-08-22,2567035.5
2013-08-23,3229245.0
2013-08-26,2695940.0
2013-08-27,2590714.25
2013-08-28,2998717.0
2013-08-29,2180623.0
2013-08-30,2533036.0
2013-09-02,1722180.25
2013-09-03,1977468.38
2013-09-04,2152506.0
2013-09-05,2563455.5
2013-09-06,2611963.0
2013-09-09,2853540.25
2013-09-10,2694261.75
2013-09-11,2657036.0
2013-09-12,1785503.5
2013-09-13,2038863.25
2013-09-16,2433952.0
2013-09-17,2143621.5
2013-09-18,2034110.25
2013-09-23,2655343.75
2013-09-24,2920012.75
2013-09-25,2617397.75
2013-09-26,2430892.0
2013-09-27,2319779.75
2013-09-30,2202420.75
2013-10-08,2889081.0
2013-10-09,3159818.0
2013-10-10,3557318.75
2013-10-11,3015347.5
2013-10-14,2983671.5
2013-10-15,3269993.25
2013-10-16,3158230.5
2013-10-17,2947125.75
2013-10-18,2482176.0
2013-10-21,3182022.25
2013-10-22,4004749.25
2013-10-23,3197589.5
2013-10-24,2241268.25
2013-10-25,2600058.0
2013-10-28,2185378.5
2013-10-29,2990722.75
2013-10-30,2309945.0
2013-10-31,2157876.75
2013-11-01,2130801.75
2013-11-04,1813961.88
2013-11-05,2155676.0
2013-11-06,2508512.75
2013-11-07,1863821.5
2013-11-08,1788741.0
2013-11-11,1653316.88
2013-11-12,2071592.13
2013-11-13,2098861.5
2013-11-14,2682919.25
2013-11-15,3255585.5
2013-11-18,3089644.0
2013-11-19,3057338.25
2013-11-20,2668756.5
2013-11-21,2842613.5
2013-11-22,2555004.5
2013-11-25,2579972.25
2013-11-26,2813775.75
2013-11-27,3454582.75
2013-11-28,3314530.0
2013-11-29,3980075.75
2013-12-02,3974389.25
2013-12-03,3387162.75
2013-12-04,3055201.5
2013-12-05,2727884.0
2013-12-06,2051266.75
2013-12-09,2235336.0
2013-12-10,2207649.0
2013-12-11,2153258.5
2013-12-12,2608552.25
2013-12-13,2454690.5
2013-12-16,2643179.0
2013-12-17,2340649.5
2013-12-18,2161448.25
2013-12-19,2213976.5
2013-12-20,1935859.25
2013-12-23,2026374.5
2013-12-24,2167240.5
2013-12-25,2804833.5
2013-12-26,2952612.0
2013-12-27,2880287.5
2013-12-30,2991808.0
2013-12-31,2592510.25
2014-01-02,2885938.75
2014-01-03,3347525.0
2014-01-06,3019622.5
2014-01-07,2562523.25
2014-01-08,4208766.5
2014-01-09,3943012.75
2014-01-10,2453939.5
2014-01-13,2209570.75
2014-01-14,2657587.25
2014-01-15,3001179.25
2014-01-16,3159740.75
2014-01-17,2822338.5
2014-01-20,2848530.0
2014-01-21,3211401.5
2014-01-22,3973330.5
2014-01-23,4489074.5
2014-01-24,4424363.0
2014-01-27,4178298.0
2014-01-28,3447628.25
2014-01-29,3466882.75
2014-01-30,3287032.0
2014-02-07,3416319.25
2014-02-10,4605069.0
2014-02-11,4799128.5
2014-02-12,4495164.5
2014-02-13,4712150.0
2014-02-14,3715706.5
2014-02-17,4644626.0
2014-02-18,4763308.5
2014-02-19,4296351.5
2014-02-20,4025770.5
2014-02-21,3161341.75
2014-02-24,3728401.25
2014-02-25,5728166.5
2014-02-26,3627011.75
2014-02-27,3801535.75
2014-02-28,2944312.75
2014-03-03,2979012.75
2014-03-04,3099271.75
2014-03-05,2852004.75
2014-03-06,3123616.25
2014-03-07,3056261.75
2014-03-10,2759705.5
2014-03-11,2354224.25
2014-03-12,2444797.25
2014-03-13,2080112.25
2014-03-14,2122246.25
2014-03-17,2459135.75
2014-03-18,3045062.5
2014-03-19,2709551.0
2014-03-20,2900094.75
2014-03-21,2509428.0
2014-03-24,2387752.25
2014-03-25,1993120.13
2014-03-26,2132714.25
2014-03-27,2326246.5
2014-03-28,2382863.0
2014-03-31,1575243.5
2014-04-01,1686115.25
2014-04-02,1843567.0
2014-04-03,1749059.13
2014-04-04,1655916.5
2014-04-08,1876957.0
2014-04-09,2381320.5
2014-04-10,2846920.25
2014-04-11,2101458.0
2014-04-14,1938064.13
2014-04-15,1913920.5
2014-04-16,1617048.88
2014-04-17,1643426.5
2014-04-18,1694039.25
2014-04-21,1993260.5
2014-04-22,2062375.88
2014-04-23,1553198.63
2014-04-24,1792855.0
2014-04-25,1676029.75
2014-04-28,1743275.63
2014-04-29,1450690.75
2014-04-30,1360632.88
2014-05-05,1470557.75
2014-05-06,1888160.75
2014-05-07,1716553.25
2014-05-08,1549359.63
2014-05-09,1506142.25
2014-05-12,1583503.5
2014-05-13,1638892.25
2014-05-14,1569781.63
2014-05-15,1893028.63
2014-05-16,1794937.25
2014-05-19,1456338.75
2014-05-20,1999847.88
2014-05-21,1608634.63
2014-05-22,2232489.5
2014-05-23,2117526.75
2014-05-26,2735108.75
2014-05-27,2252800.25
2014-05-28,2919070.5
2014-05-29,2575422.0
2014-05-30,2147350.5
2014-06-03,2202277.5
2014-06-04,2292366.75
2014-06-05,2755018.75
2014-06-06,2853759.5
2014-06-09,2304956.25
2014-06-10,2761854.5
2014-06-11,3065234.25
2014-06-12,2925641.5
2014-06-13,3189042.0
2014-06-16,3401833.25
2014-06-17,3072735.25
2014-06-18,2653661.25
2014-06-19,2834433.0
2014-06-20,2036491.63
2014-06-23,2606036.5
2014-06-24,2545396.5
2014-06-25,2505277.25
2014-06-26,3432682.25
2014-06-27,3416412.0
2014-06-30,3438216.75
2014-07-01,3467223.75
2014-07-02,3625183.75
2014-07-03,3560840.5
2014-07-04,3375402.5
2014-07-07,3178040.5
2014-07-08,3369490.5
2014-07-09,3817384.0
2014-07-10,2971656.5
2014-07-11,2789026.5
2014-07-14,3087825.0
2014-07-15,3325844.25
2014-07-16,2802722.5
2014-07-17,2105055.75
2014-07-18,1931149.25
2014-07-21,2078790.0
2014-07-22,2114762.75
2014-07-23,2515589.75
2014-07-24,2382067.5
2014-07-25,1806939.75
2014-07-28,2242864.5
2014-07-29,2568681.25
2014-07-30,2603690.75
2014-07-31,2291102.75
2014-08-01,2558027.75
2014-08-04,2011464.88
2014-08-05,3231427.5
2014-08-06,2590311.25
2014-08-07,2628069.5
2014-08-08,2444816.75
2014-08-11,2833590.75
2014-08-12,2875767.0
2014-08-13,3031295.5
2014-08-14,3023521.75
2014-08-15,2845312.75
2014-08-18,3813581.5
2014-08-19,4215276.0
2014-08-20,3343171.5
2014-08-21,3500379.75
2014-08-22,3907415.25
2014-08-25,3568368.5
2014-08-26,3183365.5
2014-08-27,2450939.75
2014-08-28,2469557.25
2014-08-29,2146646.25
2014-09-01,2876684.75
2014-09-02,3898930.75
2014-09-03,4382343.0
2014-09-04,4628309.5
2014-09-05,3892243.25
2014-09-09,3947382.75
2014-09-10,3969321.0
2014-09-11,4811397.5
2014-09-12,3779033.5
2014-09-15,4432891.0
2014-09-16,4989359.0
2014-09-17,3157526.0
2014-09-18,2845312.75
2014-09-19,3065501.25
2014-09-22,3352709.0
2014-09-23,3213398.0
2014-09-24,3796957.25
2014-09-25,4168915.75
2014-09-26,3363424.75
2014-09-29,4101861.5
2014-09-30,3720706.0
2014-10-08,4166242.25
2014-10-09,4964133.5
2014-10-10,4353538.5
2014-10-13,4057569.25
2014-10-14,3931965.5
2014-10-15,3771676.75
2014-10-16,4050073.5
2014-10-17,3901469.5
2014-10-20,3051873.5
2014-10-21,3295756.0
2014-10-22,3209050.25
2014-10-23,3142462.0
2014-10-24,2507930.25
2014-10-27,2939991.0
2014-10-28,3548772.75
2014-10-29,4288602.5
2014-10-30,3814115.75
2014-10-31,3698911.75
2014-11-03,3422519.25
2014-11-04,3714335.5
2014-11-05,2967340.25
2014-11-06,3407226.75
2014-11-07,4483462.5
2014-11-10,3471433.0
2014-11-11,4486027.5
2014-11-12,3259898.5
2014-11-13,3732770.0
2014-11-14,2884327.25
2014-11-17,2953192.5
2014-11-18,2675009.25
2014-11-19,3304588.25
2014-11-20,3173773.5
2014-11-21,3271254.75
2014-11-24,3827461.25
2014-11-25,4679718.5
2014-11-26,4669570.5
2014-11-27,4920631.5
2014-11-28,5432984.0
2014-12-01,4971088.5
2014-12-02,4810107.0
2014-12-03,6604560.5
2014-12-04,5978869.5
2014-12-05,6284646.5
2014-12-08,5664352.5
2014-12-09,6133414.5
2014-12-10,5038187.0
2014-12-11,4645076.0
2014-12-12,4639847.0
2014-12-15,4968850.0
2014-12-16,4494232.5
2014-12-17,4534444.5
2014-12-18,3956075.0
2014-12-19,4143606.25
2014-12-22,4164041.5
2014-12-23,3270721.25
2014-12-24,2942583.5
2014-12-25,3017766.5
2014-12-26,2899610.5
2014-12-29,3679718.25
2014-12-30,3360926.0
2014-12-31,2890963.5
2015-01-05,3443338.5
2015-01-06,4727589.5
2015-01-07,3789940.25
2015-01-08,3920414.25
2015-01-09,4091994.0
2015-01-12,3599571.0
2015-01-13,4039804.0
2015-01-14,3474937.75
2015-01-15,3226686.75
2015-01-16,4137132.0
2015-01-19,5845124.5
2015-01-20,5761444.0
2015-01-21,6525396.5
2015-01-22,5760529.5
2015-01-23,5318138.0
2015-01-26,4584767.5
2015-01-27,5001542.0
2015-01-28,4998338.5
2015-01-29,3790754.25
2015-01-30,3805809.0
2015-02-02,3736661.5
2015-02-03,5404820.0
2015-02-04,5114695.0
2015-02-05,6605461.0
2015-02-06,5523885.0
2015-02-09,4155893.75
2015-02-10,3636735.25
2015-02-11,4506440.0
2015-02-12,4811421.5
2015-02-13,5969477.0
2015-02-16,6616090.0
2015-02-17,5492564.5
2015-02-25,5627535.5
2015-02-26,5448046.0
2015-02-27,6301865.0
2015-03-02,8507475.0
2015-03-03,8546017.0
2015-03-04,7518397.0
2015-03-05,8085509.5
2015-03-06,7091794.0
2015-03-09,6364770.5
2015-03-10,7277864.5
2015-03-11,7500226.5
2015-03-12,7324131.5
2015-03-13,6797689.0
2015-03-16,9623329.0
2015-03-17,10100212.0
2015-03-18,9771451.0
2015-03-19,9158228.0
2015-03-20,9976262.0
2015-03-23,11242140.0
2015-03-24,14563379.0
2015-03-25,13067019.0
2015-03-26,13277716.0
2015-03-27,9214088.0
2015-03-30,9675581.0
2015-03-31,10109919.0
2015-04-01,10212513.0
2015-04-02,12229131.0
2015-04-03,12545015.0
2015-04-07,12914033.0
2015-04-08,14180568.0
2015-04-09,12984958.0
2015-04-10,11699629.0
2015-04-13,12976477.0
2015-04-14,12566210.0
2015-04-15,11723179.0
2015-04-16,9934632.0
2015-04-17,10460020.0
2015-04-20,10216340.0
2015-04-21,10033170.0
2015-04-22,11874717.0
2015-04-23,12532745.0
2015-04-24,12318179.0
2015-04-27,11894127.0
2015-04-28,11061169.0
2015-04-29,10631719.0
2015-04-30,11987911.0
2015-05-04,10244389.0
2015-05-05,10079674.0
2015-05-06,12580903.0
2015-05-07,10852477.0
2015-05-08,13426348.0
2015-05-11,17068098.0
2015-05-12,18500102.0
2015-05-13,17182576.0
2015-05-14,16179793.0
2015-05-15,14424746.0
2015-05-18,15526917.0
2015-05-19,16973056.0
2015-05-20,17670628.0
2015-05-21,17887642.0
2015-05-22,22104788.0
2015-05-25,17543950.0
2015-05-26,18074778.0
2015-05-27,19825242.0
2015-05-28,22054100.0
2015-05-29,21290164.0
2015-06-01,18853828.0
2015-06-02,21300170.0
2015-06-03,22093902.0
2015-06-04,20703884.0
2015-06-05,19911656.0
2015-06-08,18059040.0
2015-06-09,15734687.0
2015-06-10,16901904.0
2015-06-11,16753843.0
2015-06-12,18217346.0
2015-06-15,18481664.0
2015-06-16,16939176.0
2015-06-17,15613128.0
2015-06-18,15072436.0
2015-06-19,13635641.0
2015-06-23,13731517.0
2015-06-24,14011099.0
2015-06-25,13383361.0
2015-06-26,11732425.0
2015-06-29,11637999.0
2015-06-30,16132796.0
2015-07-01,17003534.0
2015-07-02,12975434.0
2015-07-03,12832589.0
2015-07-06,13802131.0
2015-07-07,4472971.0
2015-07-08,9295472.0
2015-07-09,5833417.5
2015-07-10,4564273.5
2015-07-13,8566779.0
2015-07-14,12152189.0
2015-07-15,13546101.0
2015-07-16,13187727.0
2015-07-17,12907430.0
2015-07-20,16923948.0
2015-07-21,14853551.0
2015-07-22,15329572.0
2015-07-23,15810259.0
2015-07-24,18589682.0
2015-07-27,16982808.0
2015-07-28,15473535.0
2015-07-29,14434586.0
2015-07-30,13807749.0
2015-07-31,10851213.0
2015-08-03,10453226.0
2015-08-04,11122622.0
2015-08-05,12394615.0
2015-08-06,8778353.0
2015-08-07,11986448.0
2015-08-10,14083006.0
2015-08-11,14550607.0
2015-08-12,11513380.0
2015-08-13,10874587.0
2015-08-14,11832223.0
2015-08-17,10316544.0
2015-08-18,13714402.0
2015-08-19,11518972.0
2015-08-20,10963345.0
2015-08-21,9064791.0
2015-08-24,5300330.0
2015-08-25,5913976.5
2015-08-26,9690468.0
2015-08-27,8389194.0
2015-08-28,9790997.0
2015-08-31,7720961.5
2015-09-01,6373570.0
2015-09-02,7366037.5
2015-09-07,7352455.0
2015-09-08,7180763.0
2015-09-09,10885050.0
2015-09-10,7483795.0
2015-09-11,6859606.5
2015-09-14,6821535.5
2015-09-15,5945592.0
2015-09-16,7122215.5
2015-09-17,9539417.0
2015-09-18,7482294.5
2015-09-21,9042502.0
2015-09-22,10147348.0
2015-09-23,8936080.0
2015-09-24,9476692.0
2015-09-25,8589029.0
2015-09-28,7992119.5
2015-09-29,8409765.0
2015-09-30,6415316.5
2015-10-08,9020614.0
2015-10-09,9220523.0
2015-10-12,12644193.0
2015-10-13,11504525.0
2015-10-14,11832540.0
2015-10-15,12979985.0
2015-10-16,14729367.0
2015-10-19,13792775.0
2015-10-20,14069223.0
2015-10-21,17485692.0
2015-10-22,14675381.0
2015-10-23,17135392.0
2015-10-26,17392988.0
2015-10-27,15745715.0
2015-10-28,15088624.0
2015-10-29,11464196.0
2015-10-30,12973542.0
2015-11-02,12324730.0
2015-11-03,10682400.0
2015-11-04,15263521.0
2015-11-05,17289408.0
2015-11-06,16400682.0
2015-11-09,19123884.0
2015-11-10,18018542.0
2015-11-11,19016644.0
2015-11-12,21016546.0
2015-11-13,18127468.0
2015-11-16,14703396.0
2015-11-17,19968800.0
2015-11-18,14045115.0
2015-11-19,14873274.0
2015-11-20,18390144.0
2015-11-23,17826348.0
2015-11-24,15015287.0
2015-11-25,19313624.0
2015-11-26,18730234.0
2015-11-27,18324718.0
2015-11-30,16735925.0
2015-12-01,14465863.0
2015-12-02,11964140.0
2015-12-03,12531342.0
2015-12-04,14174069.0
2015-12-07,13014555.0
2015-12-08,14219859.0
2015-12-09,12795363.0
2015-12-10,12688382.0
2015-12-11,10630066.0
2015-12-14,10218262.0
2015-12-15,11085303.0
2015-12-16,12065820.0
2015-12-17,15878604.0
2015-12-18,15010054.0
2015-12-21,12233706.0
2015-12-22,11445114.0
2015-12-23,13325308.0
2015-12-24,10770199.0
2015-12-25,10545367.0
2015-12-28,12811294.0
2015-12-29,10137166.0
2015-12-30,11495017.0
2015-12-31,11188779.0
2016-01-04,8830657.0
2016-01-05,12257051.0
2016-01-06,10480393.0
2016-01-07,2610085.5
2016-01-08,10880103.0
2016-01-11,9205272.0
2016-01-12,8746752.0
2016-01-13,8088818.5
2016-01-14,9180543.0
2016-01-15,9475617.0
2016-01-18,9120860.0
2016-01-19,10452294.0
2016-01-20,9810586.0
2016-01-21,9656977.0
2016-01-22,7938566.5
2016-01-25,7196279.0
2016-01-26,8177225.0
2016-01-27,8213600.5
2016-01-28,6326330.5
2016-01-29,7082805.0
2016-02-01,6299010.0
2016-02-02,7505387.5
2016-02-03,6866341.0
2016-02-04,7839599.0
2016-02-05,5824751.0
2016-02-15,5490518.0
2016-02-16,8415434.0
2016-02-17,9602080.0
2016-02-18,9612358.0
2016-02-19,8867739.0
2016-02-22,9901679.0
2016-02-23,9600093.0
2016-02-24,9720527.0
2016-02-25,10058075.0
2016-02-26,7888810.0
2016-02-29,6657799.5
2016-03-01,7442601.0
2016-03-02,8751016.0
2016-03-03,8964450.0
2016-03-04,8014512.0
2016-03-07,6554886.5
2016-03-08,8106252.5
2016-03-09,6787912.0
2016-03-10,5839394.5
2016-03-11,4791083.0
2016-03-14,8663477.0
2016-03-15,7236246.0
2016-03-16,6966201.5
2016-03-17,11217694.0
2016-03-18,14348277.0
2016-03-21,14820516.0
2016-03-22,12059623.0
2016-03-23,12064090.0
2016-03-24,13746019.0
2016-03-25,10072964.0
2016-03-28,10784311.0
2016-03-29,9507688.0
2016-03-30,11488322.0
2016-03-31,12987520.0
2016-04-01,10248392.0
2016-04-05,12236961.0
2016-04-06,13088009.0
2016-04-07,13279226.0
2016-04-08,11281366.0
2016-04-11,12447578.0
2016-04-12,11310622.0
2016-04-13,13915632.0
2016-04-14,11299955.0
2016-04-15,10089442.0
2016-04-18,9376063.0
2016-04-19,8944071.0
2016-04-20,13267551.0
2016-04-21,8419372.0
2016-04-22,6940538.5
2016-04-25,6386182.5
2016-04-26,6358098.5
2016-04-27,7317505.5
2016-04-28,7281441.0
2016-04-29,6436829.0
2016-05-03,9564747.0
2016-05-04,9590048.0
2016-05-05,8407480.0
2016-05-06,11540543.0
2016-05-09,8189826.5
2016-05-10,5723399.5
2016-05-11,6350017.5
2016-05-12,5979064.5
2016-05-13,5664381.5
2016-05-16,6174684.0
2016-05-17,8376257.5
2016-05-18,7201521.0
2016-05-19,7404666.0
2016-05-20,7040817.5
2016-05-23,8625099.0
2016-05-24,7618597.5
2016-05-25,8236800.5
2016-05-26,8210747.5
2016-05-27,7762996.5
2016-05-30,6938735.5
2016-05-31,12020027.0
2016-06-01,12959119.0
2016-06-02,11835861.0
2016-06-03,15051864.0
2016-06-06,11432437.0
2016-06-07,10901188.0
2016-06-08,11216381.0
2016-06-13,12251343.0
2016-06-14,8745255.0
2016-06-15,11354562.0
2016-06-16,11303394.0
2016-06-17,11826293.0
2016-06-20,10658839.0
2016-06-21,12364698.0
2016-06-22,11199021.0
2016-06-23,11966882.0
2016-06-24,13899996.0
2016-06-27,13859979.0
2016-06-28,15815100.0
2016-06-29,13952672.0
2016-06-30,13650023.0
2016-07-01,11502422.0
2016-07-04,12302544.0
2016-07-05,13152001.0
2016-07-06,11388149.0
2016-07-07,12871582.0
2016-07-08,11185974.0
2016-07-11,12592718.0
2016-07-12,12448894.0
2016-07-13,12966121.0
2016-07-14,11254148.0
2016-07-15,10668012.0
2016-07-18,9409555.0
2016-07-19,9387366.0
2016-07-20,10181862.0
2016-07-21,10433901.0
2016-07-22,9509739.0
2016-07-25,8782574.0
2016-07-26,8088565.5
2016-07-27,13678650.0
2016-07-28,9342307.0
2016-07-29,7069752.5
2016-08-01,7036578.0
2016-08-02,5482445.5
2016-08-03,6020809.0
2016-08-04,7034673.5
2016-08-05,6241047.5
2016-08-08,5933222.0
2016-08-09,7511939.5
2016-08-10,7472576.0
2016-08-11,6881709.5
2016-08-12,5965924.5
2016-08-15,10766470.0
2016-08-16,9922019.0
2016-08-17,9424793.0
2016-08-18,9261278.0
2016-08-19,8199803.5
2016-08-22,8850570.0
2016-08-23,7127406.0
2016-08-24,8024622.0
2016-08-25,9200670.0
2016-08-26,9241786.0
2016-08-29,8433411.0
2016-08-30,7802596.5
2016-08-31,7919030.5
2016-09-01,8031699.0
2016-09-02,7816424.5
2016-09-05,7252201.5
2016-09-06,10094764.0
2016-09-07,10323596.0
2016-09-08,8071121.5
2016-09-09,8336317.5
2016-09-12,8573182.0
2016-09-13,6624178.5
2016-09-14,6039962.5
2016-09-19,5711593.5
2016-09-20,5875058.0
2016-09-21,5726933.0
2016-09-22,6194505.5
2016-09-23,6365993.5
2016-09-26,6820594.5
2016-09-27,5957768.0
2016-09-28,5106916.5
2016-09-29,5390991.5
2016-09-30,4801444.5
2016-10-10,7925461.0
2016-10-11,7408759.0
2016-10-12,6869359.0
2016-10-13,7001584.5
2016-10-14,7174411.0
2016-10-17,7527532.0
2016-10-18,7548090.0
2016-10-19,7919333.5
2016-10-20,8449402.0
2016-10-21,8689653.0
2016-10-24,8334708.0
2016-10-25,8036783.0
2016-10-26,8814259.0
2016-10-27,7309920.5
2016-10-28,8403799.0
2016-10-31,7149868.5
2016-11-01,8194844.5
2016-11-02,8850427.0
2016-11-03,9936871.0
2016-11-04,8912176.0
2016-11-07,7974343.5
2016-11-08,7668961.5
2016-11-09,9389796.0
2016-11-10,9034250.0
2016-11-11,10215666.0
2016-11-14,10974174.0
2016-11-15,9967297.0
2016-11-16,11382943.0
2016-11-17,8192059.0
2016-11-18,7824988.0
2016-11-21,8672085.0
2016-11-22,10715705.0
2016-11-23,11824547.0
2016-11-24,9487969.0
2016-11-25,9907505.0
2016-11-28,8653622.0
2016-11-29,9041356.0
2016-11-30,9663684.0
2016-12-01,8303542.5
2016-12-02,9144088.0
2016-12-05,7148901.0
2016-12-06,6827340.0
2016-12-07,6460240.5
2016-12-08,6989467.5
2016-12-09,7280242.0
2016-12-12,9858994.0
2016-12-13,6540430.0
2016-12-14,5992204.0
2016-12-15,5987869.0
2016-12-16,5883305.5
2016-12-19,5168084.5
2016-12-20,5079839.5
2016-12-21,5414233.5
2016-12-22,4965137.0
2016-12-23,5436594.5
2016-12-26,5509639.5
2016-12-27,5157364.5
2016-12-28,4894237.5
2016-12-29,5072180.5
2016-12-30,4972504.5
2017-01-03,4997769.5
2017-01-04,6429937.5
2017-01-05,5951161.5
2017-01-06,6175252.0
2017-01-09,5250144.5
2017-01-10,4792586.0
2017-01-11,5576225.5
2017-01-12,5020773.0
2017-01-13,5739929.0
2017-01-16,7267065.0
2017-01-17,6522732.5
2017-01-18,4708701.0
2017-01-19,4299994.0
2017-01-20,5811114.0
2017-01-23,5045886.5
2017-01-24,4614122.5
2017-01-25,4388505.0
2017-01-26,4055118.75
2017-02-03,3831017.0
2017-02-06,5080713.0
2017-02-07,5167142.0
2017-02-08,5863249.5
2017-02-09,6659884.0
2017-02-10,6092833.5
2017-02-13,6122953.0
2017-02-14,5808625.0
2017-02-15,7003957.5
2017-02-16,5616940.0
2017-02-17,6198980.0
2017-02-20,5971441.0
2017-02-21,7144534.0
2017-02-22,6479715.0
2017-02-23,6721386.0
2017-02-24,7264935.0
2017-02-27,7314678.0
2017-02-28,6527950.0
2017-03-01,7379823.0
2017-03-02,7039663.5
2017-03-03,7307635.0
2017-03-06,9119249.0
2017-03-07,8951174.0
2017-03-08,7776881.0
2017-03-09,7744412.0
2017-03-10,7427653.0
2017-03-13,8168616.0
2017-03-14,8853276.0
2017-03-15,8391473.0
2017-03-16,9137417.0
2017-03-17,10753468.0
2017-03-20,8523817.0
2017-03-21,8168497.0
2017-03-22,8866784.0
2017-03-23,9880857.0
2017-03-24,8124316.0
2017-03-27,7827384.5
2017-03-28,7089398.0
2017-03-29,8013259.5
2017-03-30,8676522.0
2017-03-31,6831757.5
2017-04-05,7756362.5
2017-04-06,7501482.5
2017-04-07,7755515.5
2017-04-10,9578641.0
2017-04-11,9164586.0
2017-04-12,6999816.5
2017-04-13,5903262.5
2017-04-14,6259386.0
2017-04-17,6630115.0
2017-04-18,6181879.5
2017-04-19,6665897.0
2017-04-20,5989775.0
2017-04-21,4967776.0
2017-04-24,5355186.5
2017-04-25,5431420.5
2017-04-26,5753479.0
2017-04-27,8134211.0
2017-04-28,6315047.5
2017-05-02,5762606.0
2017-05-03,6499403.0
2017-05-04,6989720.0
2017-05-05,6221638.0
2017-05-08,5975952.0
2017-05-09,5628268.5
2017-05-10,6251112.0
2017-05-11,6555073.0
2017-05-12,5721515.0
2017-05-15,5425752.0
2017-05-16,7932109.0
2017-05-17,8434414.0
2017-05-18,7361327.0
2017-05-19,5996391.5
2017-05-22,6254670.5
2017-05-23,6145520.5
2017-05-24,5490564.5
2017-05-25,6308791.0
2017-05-26,5970985.5
2017-05-31,5977659.5
2017-06-01,5514647.0
2017-06-02,5359308.0
2017-06-05,5332302.0
2017-06-06,4698791.0
2017-06-07,7083464.5
2017-06-08,6470251.0
2017-06-09,5766443.0
2017-06-12,5183423.0
2017-06-13,5362472.5
2017-06-14,5752287.0
2017-06-15,7520802.5
2017-06-16,6237131.0
2017-06-19,5045373.0
2017-06-20,6573966.0
2017-06-21,5933634.0
2017-06-22,6296581.0
2017-06-23,5637122.5
2017-06-26,4966159.5
2017-06-27,4938065.0
2017-06-28,4648243.0
2017-06-29,4662674.0
2017-06-30,4683573.0
2017-07-03,5373443.5
2017-07-04,5139255.5
2017-07-05,5861510.5
2017-07-06,7118387.0
2017-07-07,6627150.0
2017-07-10,6782636.5
2017-07-11,5746300.0
2017-07-12,5791227.5
2017-07-13,4863738.0
2017-07-14,5499148.5
2017-07-17,6968531.5
2017-07-18,4944914.0
2017-07-19,4675244.5
2017-07-20,5014219.5
2017-07-21,4098303.5
2017-07-24,4536405.0
2017-07-25,4383220.5
2017-07-26,4686614.0
2017-07-27,8818356.0
2017-07-28,7005684.5
2017-07-31,6050913.0
2017-08-01,6234013.5
2017-08-02,6400496.0
2017-08-03,6839255.5
2017-08-04,5856857.0
2017-08-07,4962513.5
2017-08-08,6607495.0
2017-08-09,6671480.5
2017-08-10,6625275.0
2017-08-11,6375799.0
2017-08-14,7675337.0
2017-08-15,7020355.5
2017-08-16,9798531.0
2017-08-17,9275111.0
2017-08-18,7389117.5
2017-08-21,6414026.0
2017-08-22,7132720.5
2017-08-23,6491898.5
2017-08-24,6719567.5
2017-08-25,6681886.5
2017-08-28,9531847.0
2017-08-29,8607298.0
2017-08-30,7512780.0
2017-08-31,7679883.5
2017-09-01,9364686.0
2017-09-04,10563630.0
2017-09-05,9940143.0
2017-09-06,10828734.0
2017-09-07,12930712.0
2017-09-08,9566623.0
2017-09-11,9096886.0
2017-09-12,11403670.0
2017-09-13,8126302.0
2017-09-14,8389021.0
2017-09-15,7716072.5
2017-09-18,7370218.5
2017-09-19,8218902.5
2017-09-20,8482565.0
2017-09-21,9133778.0
2017-09-22,8260661.0
2017-09-25,7868053.0
2017-09-26,7627894.0
2017-09-27,7249536.0
2017-09-28,7758391.0
2017-09-29,7671205.0
2017-10-09,8740487.0
2017-10-10,10067573.0
2017-10-11,10350123.0
2017-10-12,8420672.0
2017-10-13,9086049.0
2017-10-16,10075517.0
2017-10-17,6421704.5
2017-10-18,7205867.5
2017-10-19,6706061.5
2017-10-20,5878998.5
2017-10-23,6373889.5
2017-10-24,6489971.5
2017-10-25,6245101.5
2017-10-26,7341584.5
2017-10-27,6640900.0
2017-10-30,8320786.5
2017-10-31,6162449.5
2017-11-01,7247993.0
2017-11-02,7485672.5
2017-11-03,6928386.5
2017-11-06,6899994.5
2017-11-07,7538244.0
2017-11-08,8631723.0
2017-11-09,7833741.0
2017-11-10,8612089.0
2017-11-13,9006880.0
2017-11-14,9327947.0
2017-11-15,7771482.5
2017-11-16,6701263.5
2017-11-17,8766715.0
2017-11-20,6300504.5
2017-11-21,7083513.5
2017-11-22,7193714.5
2017-11-23,7012194.0
2017-11-24,5732313.5
2017-11-27,5467255.5
2017-11-28,5226969.0
2017-11-29,5715581.5
2017-11-30,5334752.0
2017-12-01,5912301.5
2017-12-04,6041019.0
2017-12-05,5990452.5
2017-12-06,5643160.5
2017-12-07,5366979.0
2017-12-08,5802412.5
2017-12-11,6238150.5
2017-12-12,5925004.0
2017-12-13,5160551.0
2017-12-14,5413225.0
2017-12-15,5664526.5
2017-12-18,5125588.0
2017-12-19,4987445.0
2017-12-20,5111569.0
2017-12-21,5722621.0
2017-12-22,5260368.0
2017-12-25,5399408.0
2017-12-26,5263164.5
2017-12-27,5431369.5
2017-12-28,5400636.0
2017-12-29,4906604.5
2018-01-02,4692380.5
2018-01-03,6326333.0
2018-01-04,5686817.0
2018-01-05,5545732.0
2018-01-08,6081421.0
2018-01-09,5288743.5
2018-01-10,6039667.5
2018-01-11,6672483.5
2018-01-12,5783660.5
2018-01-15,6664399.5
2018-01-16,5783784.5
2018-01-17,6719773.5
2018-01-18,5126740.0
2018-01-19,5877496.0
2018-01-22,7067477.0
2018-01-23,5858084.5
2018-01-24,9161611.0
2018-01-25,9788860.0
2018-01-26,7076049.5
2018-01-29,7298914.0
2018-01-30,5771852.0
2018-01-31,6863756.0
2018-02-01,6885825.0
2018-02-02,5965017.0
2018-02-05,4766179.0
2018-02-06,6140544.5
2018-02-07,6360947.5
2018-02-08,5735643.5
2018-02-09,6168972.0
2018-02-12,5347673.0
2018-02-13,5075232.5
2018-02-14,3521110.0
2018-02-22,4510202.0
2018-02-23,4799941.5
2018-02-26,7186926.0
2018-02-27,8201264.5
2018-02-28,7750185.0
2018-03-01,8212314.5
2018-03-02,7990039.5
2018-03-05,6850374.0
2018-03-06,8214774.5
2018-03-07,6991356.5
2018-03-08,6977917.5
2018-03-09,11031871.0
2018-03-12,12220847.0
2018-03-13,10021220.0
2018-03-14,8379121.5
2018-03-15,8055139.5
2018-03-16,7045772.0
2018-03-19,7782977.5
2018-03-20,8107222.5
2018-03-21,9447961.0
2018-03-22,7723473.5
2018-03-23,10427995.0
2018-03-26,8366087.5
2018-03-27,10951989.0
2018-03-28,10849817.0
2018-03-29,9650974.0
2018-03-30,11749744.0
2018-04-02,12952004.0
2018-04-03,10840492.0
2018-04-04,10014662.0
2018-04-09,9335874.0
2018-04-10,10572207.0
2018-04-11,9783497.0
2018-04-12,8976588.0
2018-04-13,8809696.0
2018-04-16,9498010.0
2018-04-17,9829997.0
2018-04-18,10673555.0
2018-04-19,10380177.0
2018-04-20,9554838.0
2018-04-23,8431281.0
2018-04-24,9157560.0
2018-04-25,10104215.0
2018-04-26,9009055.0
2018-04-27,8364760.5
2018-05-02,7750844.5
2018-05-03,8459791.0
2018-05-04,7617469.5
2018-05-07,8437650.0
2018-05-08,8547543.0
2018-05-09,8262710.0
2018-05-10,9033210.0
2018-05-11,8750667.0
2018-05-14,7874271.5
2018-05-15,7555347.5
2018-05-16,7522603.0
2018-05-17,6817575.5
2018-05-18,6946427.5
2018-05-21,8882128.0
2018-05-22,8821897.0
2018-05-23,9394124.0
2018-05-24,7885239.0
2018-05-25,8284326.5
2018-05-28,7757735.5
2018-05-29,7802673.5
2018-05-30,8340513.0
2018-05-31,6937434.5
2018-06-01,6653408.0
2018-06-04,5891181.5
2018-06-05,6914379.0
2018-06-06,7002962.5
2018-06-07,6410593.5
2018-06-08,6219911.0
2018-06-11,5818768.5
2018-06-12,6259340.0
2018-06-13,5891008.5
2018-06-14,5440432.0
2018-06-15,6334413.0
2018-06-19,6839930.0
2018-06-20,6705342.0
2018-06-21,6457050.5
2018-06-22,6249083.5
2018-06-25,5812962.0
2018-06-26,6615244.0
2018-06-27,6303504.5
2018-06-28,6274500.0
2018-06-29,7837765.5
2018-07-02,7522949.5
2018-07-03,8492083.0
2018-07-04,7323311.5
2018-07-05,6345709.5
2018-07-06,7608429.0
2018-07-09,6650657.0
2018-07-10,7012313.5
2018-07-11,7963330.0
2018-07-12,9816678.0
2018-07-13,8689947.0
2018-07-16,7799018.5
2018-07-17,7044387.5
2018-07-18,7679149.0
2018-07-19,6796200.0
2018-07-20,6833645.5
2018-07-23,7779446.0
2018-07-24,8325660.0
2018-07-25,8117992.5
2018-07-26,7615120.0
2018-07-27,5926321.0
2018-07-30,5666667.5
2018-07-31,4912176.0
2018-08-01,5272630.0
2018-08-02,6357579.0
2018-08-03,4497962.0
2018-08-06,4701757.0
2018-08-07,5012523.5
2018-08-08,4788145.5
2018-08-09,6054457.0
2018-08-10,5150589.5
2018-08-13,5554317.0
2018-08-14,4831528.0
2018-08-15,4889747.5
2018-08-16,4755461.5
2018-08-17,4644650.5
2018-08-20,4940328.0
2018-08-21,5165184.0
2018-08-22,4453820.5
2018-08-23,4845659.0
2018-08-24,4203944.5
2018-08-27,5581727.5
2018-08-28,5102223.5
2018-08-29,4414200.5
2018-08-30,4448350.0
2018-08-31,4025747.0
2018-09-03,4375968.5
2018-09-04,5063415.0
2018-09-05,4961153.0
2018-09-06,4880306.0
2018-09-07,5393974.5
2018-09-10,4583469.0
2018-09-11,3930983.75
2018-09-12,4110014.75
2018-09-13,4853772.5
2018-09-14,4773357.0
2018-09-17,3809649.0
2018-09-18,4257491.0
2018-09-19,5262360.0
2018-09-20,4137581.75
2018-09-21,4640699.0
2018-09-25,3550438.25
2018-09-26,4659146.0
2018-09-27,4951358.0
2018-09-28,4141599.25
2018-10-08,4006378.75
2018-10-09,3522245.0
2018-10-10,3618919.25
2018-10-11,5379019.0
2018-10-12,4719365.5
2018-10-15,4039585.0
2018-10-16,4118701.75
2018-10-17,4831859.0
2018-10-18,4861604.0
2018-10-19,5329768.5
2018-10-22,7281169.0
2018-10-23,6049684.5
2018-10-24,4979344.5
2018-10-25,4888054.0
2018-10-26,4433866.0
2018-10-29,3789149.5
2018-10-30,4728698.0
2018-10-31,4703955.0
2018-11-01,6176736.5
2018-11-02,7318779.5
2018-11-05,7226725.0
2018-11-06,5278819.0
2018-11-07,6070595.0
2018-11-08,4998707.0
2018-11-09,4317574.5
2018-11-12,6174152.0
2018-11-13,8128803.5
2018-11-14,6856623.0
2018-11-15,7352143.0
2018-11-16,7907864.0
2018-11-19,6472133.5
2018-11-20,6677524.0
2018-11-21,5832645.5
2018-11-22,5140784.5
2018-11-23,6229270.0
2018-11-26,4387843.0
2018-11-27,4549501.5
2018-11-28,5438129.0
2018-11-29,5602578.0
2018-11-30,4759519.5
2018-12-03,6955725.5
2018-12-04,5551868.5
2018-12-05,5858418.5
2018-12-06,5690503.0
2018-12-07,4524563.5
2018-12-10,4410926.0
2018-12-11,4115835.25
2018-12-12,4205635.0
2018-12-13,5119822.5
2018-12-14,5141963.0
2018-12-17,4144581.0
2018-12-18,3984648.5
2018-12-19,3880867.5
2018-12-20,3852649.75
2018-12-21,3971418.5
2018-12-24,4135701.0
2018-12-25,5292031.5
2018-12-26,4620659.5
2018-12-27,4964662.0
2018-12-28,4370727.5
2019-01-02,4071542.25
2019-01-03,4597838.5
2019-01-04,5581672.5
2019-01-07,6192568.5
2019-01-08,5482119.0
2019-01-09,6489010.5
2019-01-10,5496079.0
2019-01-11,5379161.0
2019-01-14,5181520.5
2019-01-15,5380511.5
2019-01-16,5305709.5
2019-01-17,4920144.5
2019-01-18,4784842.0
2019-01-21,4927780.0
2019-01-22,4733846.0
2019-01-23,4210204.5
2019-01-24,5339322.5
2019-01-25,5331645.0
2019-01-28,5009346.0
2019-01-29,4851944.0
2019-01-30,4066895.75
2019-01-31,4609020.5
2019-02-01,4533210.5
2019-02-11,5333616.0
2019-02-12,5846610.5
2019-02-13,7530190.5
2019-02-14,6883360.0
2019-02-15,6786518.0
2019-02-18,9122455.0
2019-02-19,10161222.0
2019-02-20,8098609.5
2019-02-21,10793906.0
2019-02-22,10336143.0
2019-02-25,15707238.0
2019-02-26,17475840.0
2019-02-27,13615502.0
2019-02-28,10741348.0
2019-03-01,10755206.0
2019-03-04,16461264.0
2019-03-05,15800908.0
2019-03-06,18503534.0
2019-03-07,19332346.0
2019-03-08,20289394.0
2019-03-11,17544314.0
2019-03-12,21259632.0
2019-03-13,18404194.0
2019-03-14,13936032.0
2019-03-15,11589241.0
2019-03-18,11507544.0
2019-03-19,11680254.0
2019-03-20,11974644.0
2019-03-21,13612096.0
2019-03-22,11778058.0
2019-03-25,12149437.0
2019-03-26,12148364.0
2019-03-27,10168430.0
2019-03-28,10267618.0
2019-03-29,12219936.0
2019-04-01,15123007.0
2019-04-02,16493568.0
2019-04-03,13781569.0
2019-04-04,14624286.0
2019-04-08,15061339.0
2019-04-09,12216762.0
2019-04-10,13766024.0
2019-04-11,12223504.0
2019-04-12,9804000.0
2019-04-15,11206524.0
2019-04-16,12018186.0
2019-04-17,13422143.0
2019-04-18,11677880.0
2019-04-19,10992535.0
2019-04-22,11658126.0
2019-04-23,10504348.0
2019-04-24,9957482.0
2019-04-25,11252289.0
2019-04-26,9665852.0
2019-04-29,10446484.0
2019-04-30,7575358.0
2019-05-06,9007314.0
2019-05-07,7912888.5
2019-05-08,7544802.5
2019-05-09,6833904.0
2019-05-10,9980777.0
2019-05-13,7680916.0
2019-05-14,7555296.5
2019-05-15,8162024.5
2019-05-16,8199833.0
2019-05-17,9382392.0
2019-05-20,7812454.0
2019-05-21,8091259.5
2019-05-22,8276961.0
2019-05-23,8803265.0
2019-05-24,6967776.0
2019-05-27,8261912.0
2019-05-28,8618824.0
2019-05-29,7609663.5
2019-05-30,7912145.5
2019-05-31,7773346.0
2019-06-03,8355637.5
2019-06-04,7558598.0
2019-06-05,7434359.5
2019-06-06,6940276.5
2019-06-10,6271988.5
2019-06-11,9503631.0
2019-06-12,8951096.0
2019-06-13,8546436.0
2019-06-14,8445918.0
2019-06-17,6337612.0
2019-06-18,6169671.0
2019-06-19,9117688.0
2019-06-20,9670665.0
2019-06-21,11944450.0
2019-06-24,10108744.0
2019-06-25,8968912.0
2019-06-26,8058225.5
2019-06-27,9231208.0
2019-06-28,8202318.0
2019-07-01,11131485.0
2019-07-02,10178847.0
2019-07-03,8739454.0
2019-07-04,7758183.0
2019-07-05,6871272.0
2019-07-08,8504294.0
2019-07-09,6327931.0
2019-07-10,6370037.0
2019-07-11,6426580.0
2019-07-12,6238448.0
2019-07-15,8771355.0
2019-07-16,7217579.0
2019-07-17,7760400.5
2019-07-18,6996744.0
2019-07-19,6674924.5
2019-07-22,6876830.0
2019-07-23,5943368.0
2019-07-24,7682009.5
2019-07-25,7335683.5
2019-07-26,6318170.0
2019-07-29,6336750.5
2019-07-30,7174192.5
2019-07-31,6291813.0
2019-08-01,6882112.5
2019-08-02,7871401.0
2019-08-05,7350603.0
2019-08-06,8772601.0
2019-08-07,6711995.0
2019-08-08,6534298.0
2019-08-09,6953298.5
2019-08-12,6632393.5
2019-08-13,6323484.5
2019-08-14,7728260.5
2019-08-15,7519495.0
2019-08-16,8467193.0
2019-08-19,11649449.0
2019-08-20,10740285.0
2019-08-21,8846020.0
2019-08-22,8717832.0
2019-08-23,9148889.0
2019-08-26,8391728.0
2019-08-27,10078609.0
2019-08-28,9072989.0
2019-08-29,9202894.0
2019-08-30,11226176.0
2019-09-02,11281067.0
2019-09-03,11746603.0
2019-09-04,11678721.0
2019-09-05,15280097.0
2019-09-06,12898588.0
2019-09-09,15338188.0
2019-09-10,14945731.0
2019-09-11,12728210.0
2019-09-12,10989584.0
2019-09-16,12205782.0
2019-09-17,12324326.0
2019-09-18,10310270.0
2019-09-19,10766122.0
2019-09-20,11784718.0
2019-09-23,10808318.0
2019-09-24,12549884.0
2019-09-25,11689915.0
2019-09-26,11611383.0
2019-09-27,8913692.0
2019-09-30,7546008.5
2019-10-08,7864610.0
2019-10-09,7536638.5
2019-10-10,9499984.0
2019-10-11,9907964.0
2019-10-14,10803063.0
2019-10-15,10941622.0
2019-10-16,9552551.0
2019-10-17,8361059.0
2019-10-18,8930103.0
2019-10-21,8414743.0
2019-10-22,8453137.0
2019-10-23,8298270.0
2019-10-24,7691228.0
2019-10-25,8208485.5
2019-10-28,11616684.0
2019-10-29,12207535.0
2019-10-30,9855969.0
2019-10-31,8860758.0
2019-11-01,8439987.0
2019-11-04,9375397.0
2019-11-05,9340411.0
2019-11-06,9405149.0
2019-11-07,8824887.0
2019-11-08,9710218.0
2019-11-11,8865092.0
2019-11-12,7750567.5
2019-11-13,7473032.5
2019-11-14,7871024.5
2019-11-15,8812886.0
2019-11-18,7587647.5
2019-11-19,9527434.0
2019-11-20,9763478.0
2019-11-21,8012400.0
2019-11-22,10715857.0
2019-11-25,8390100.0
2019-11-26,7753646.0
2019-11-27,7470681.5
2019-11-28,6981156.0
2019-11-29,6992013.5
2019-12-02,7074325.5
2019-12-03,7533204.5
2019-12-04,7275238.0
2019-12-05,9464514.0
2019-12-06,9331447.0
2019-12-09,9954451.0
2019-12-10,10370310.0
2019-12-11,10287428.0
2019-12-12,10485628.0
2019-12-13,11891318.0
2019-12-16,13423179.0
2019-12-17,14945090.0
2019-12-18,14023016.0
2019-12-19,12795452.0
2019-12-20,11886897.0
2019-12-23,11009692.0
2019-12-24,10074137.0
2019-12-25,11654371.0
2019-12-26,11157462.0
2019-12-27,12979487.0
2019-12-30,11221405.0
2019-12-31,9835457.0
2020-01-02,14007552.0
2020-01-03,13912510.0
2020-01-06,16082621.0
2020-01-07,15449566.0
2020-01-08,15785198.0
2020-01-09,15169367.0
2020-01-10,14224158.0
2020-01-13,14170481.0
2020-01-14,14734708.0
2020-01-15,13407335.0
2020-01-16,13129035.0
2020-01-17,12849502.0
2020-01-20,14882316.0
2020-01-21,14454648.0
2020-01-22,15607103.0
2020-01-23,17106618.0
2020-02-03,8625184.0
2020-02-04,17944692.0
2020-02-05,18506240.0
2020-02-06,19916516.0
2020-02-07,20654338.0
2020-02-10,19834644.0
2020-02-11,16631297.0
2020-02-12,18395140.0
2020-02-13,19947950.0
2020-02-14,18924388.0
2020-02-17,20906212.0
2020-02-18,23226402.0
2020-02-19,23931460.0
2020-02-20,23184560.0
2020-02-21,26589760.0
2020-02-24,28051302.0
2020-02-25,32027378.0
2020-02-26,27565368.0
2020-02-27,22672620.0
2020-02-28,24016590.0
2020-03-02,20327006.0
2020-03-03,24449790.0
2020-03-04,20003418.0
2020-03-05,22537696.0
2020-03-06,17981942.0
2020-03-09,20635568.0
2020-03-10,21147946.0
2020-03-11,19626052.0
2020-03-12,16698517.0
2020-03-13,19273964.0
2020-03-16,20226256.0
2020-03-17,16719698.0
2020-03-18,17520276.0
2020-03-19,16473075.0
2020-03-20,14732100.0
2020-03-23,14078892.0
2020-03-24,15078605.0
2020-03-25,15412955.0
2020-03-26,12710792.0
2020-03-27,12518197.0
2020-03-30,12594430.0
2020-03-31,10491096.0
2020-04-01,10974233.0
2020-04-02,11768261.0
2020-04-03,11343301.0
2020-04-07,13562837.0
2020-04-08,13806546.0
2020-04-09,14250993.0
2020-04-10,15749159.0
2020-04-13,10806092.0
2020-04-14,12324857.0
2020-04-15,12951393.0
2020-04-16,12895913.0
2020-04-17,15669825.0
2020-04-20,13257060.0
2020-04-21,13652623.0
2020-04-22,12483254.0
2020-04-23,13332403.0
2020-04-24,12206149.0
2020-04-27,10811410.0
2020-04-28,13202895.0
2020-04-29,10127389.0
2020-04-30,13631089.0
2020-05-06,13745475.0
2020-05-07,13066697.0
2020-05-08,13302316.0
2020-05-11,13323888.0
2020-05-12,11968921.0
2020-05-13,11712197.0
2020-05-14,12239430.0
2020-05-15,12983919.0
2020-05-18,14452113.0
2020-05-19,12892375.0
2020-05-20,14543489.0
2020-05-21,12685722.0
2020-05-22,11513474.0
2020-05-25,9752084.0
2020-05-26,11515396.0
2020-05-27,12363331.0
2020-05-28,11535146.0
2020-05-29,11856654.0
2020-06-01,15642672.0
2020-06-02,15246834.0
2020-06-03,15313465.0
2020-06-04,13082744.0
2020-06-05,12784416.0
2020-06-08,13879465.0
2020-06-09,12639520.0
2020-06-10,12767271.0
2020-06-11,15654796.0
2020-06-12,15536569.0
2020-06-15,16772773.0
2020-06-16,16181926.0
2020-06-17,16858994.0
2020-06-18,16813306.0
2020-06-19,16330795.0
2020-06-22,17389886.0
2020-06-23,16397035.0
2020-06-24,16155135.0
2020-06-29,15659644.0
2020-06-30,16584483.0
2020-07-01,17938454.0
2020-07-02,19127170.0
2020-07-03,20388852.0
2020-07-06,26294658.0
2020-07-07,29504766.0
2020-07-08,26609454.0
2020-07-09,32111218.0
2020-07-10,29306936.0
2020-07-13,30474656.0
2020-07-14,32382504.0
2020-07-15,30217218.0
2020-07-16,27314712.0
2020-07-17,21330026.0
2020-07-20,20457386.0
2020-07-21,20079224.0
2020-07-22,22110180.0
2020-07-23,23821498.0
2020-07-24,26283900.0
2020-07-27,18277616.0
2020-07-28,17358176.0
2020-07-29,20732522.0
2020-07-30,21475092.0
2020-07-31,22734934.0
2020-08-03,26299446.0
2020-08-04,25865702.0
2020-08-05,22927024.0
2020-08-06,24639058.0
2020-08-07,24216734.0
2020-08-10,20839520.0
2020-08-11,19891474.0
2020-08-12,20148812.0
2020-08-13,15480008.0
2020-08-14,15218400.0
2020-08-17,18972462.0
2020-08-18,18802186.0
2020-08-19,18288328.0
2020-08-20,14962051.0
2020-08-21,16242100.0
2020-08-24,22890076.0
2020-08-25,27131090.0
2020-08-26,26559220.0
2020-08-27,25774752.0
2020-08-28,26474942.0
2020-08-31,25299606.0
2020-09-01,23576336.0
2020-09-02,31758212.0
2020-09-03,29450896.0
2020-09-04,27496464.0
2020-09-07,35477904.0
2020-09-08,33745552.0
2020-09-09,40217068.0
2020-09-10,30222358.0
2020-09-11,21561566.0
2020-09-14,27052146.0
2020-09-15,25822538.0
2020-09-16,23037334.0
2020-09-17,25266326.0
2020-09-18,24492722.0
2020-09-21,22255770.0
2020-09-22,21722054.0
2020-09-23,22372086.0
2020-09-24,21506700.0
2020-09-25,17138616.0
2020-09-28,15957370.0
2020-09-29,16260561.0
2020-09-30,15872619.0
2020-10-09,21098530.0
2020-10-12,29641412.0
2020-10-13,28674614.0
2020-10-14,27887586.0
2020-10-15,25876238.0
2020-10-16,23549128.0
2020-10-19,23671530.0
2020-10-20,24224210.0
2020-10-21,25832962.0
2020-10-22,23390804.0
2020-10-23,24360198.0
2020-10-26,21282414.0
2020-10-27,22328732.0
2020-10-28,25264538.0
2020-10-29,26485204.0
2020-10-30,27544198.0
2020-11-02,23122332.0
2020-11-03,24147082.0
2020-11-04,23619816.0
2020-11-05,26312982.0
2020-11-06,25598760.0
2020-11-09,29628430.0
2020-11-10,27393456.0
2020-11-11,22490826.0
2020-11-12,18444938.0
2020-11-13,17527526.0
2020-11-16,18054160.0
2020-11-17,20214488.0
2020-11-18,18813326.0
2020-11-19,19233114.0
2020-11-20,17886802.0
2020-11-23,19991540.0
2020-11-24,17987330.0
2020-11-25,18733694.0
2020-11-26,16558460.0
2020-11-27,16093712.0
2020-11-30,18892410.0
2020-12-01,19024556.0
2020-12-02,19129412.0
2020-12-03,18537032.0
2020-12-04,15858169.0
2020-12-07,17324612.0
2020-12-08,15452491.0
2020-12-09,18114112.0
2020-12-10,15513107.0
2020-12-11,18543740.0
2020-12-14,16201255.0
2020-12-15,15749271.0
2020-12-16,15523435.0
2020-12-17,16282419.0
2020-12-18,15286555.0
2020-12-21,17509278.0
2020-12-22,19134734.0
2020-12-23,18770660.0
2020-12-24,17434270.0
2020-12-25,15995609.0
2020-12-28,17477190.0
2020-12-29,17359816.0
2020-12-30,16536001.0
2020-12-31,17929360.0
2021-01-04,22957532.0
2021-01-05,24128912.0
2021-01-06,22508368.0
2021-01-07,23352126.0
2021-01-08,21541874.0
2021-01-11,22538952.0
2021-01-12,19927242.0
2021-01-13,22493040.0
2021-01-14,20003464.0
2021-01-15,18598044.0
2021-01-18,18397406.0
2021-01-19,19798436.0
2021-01-20,19502834.0
2021-01-21,21896244.0
2021-01-22,23244016.0
2021-01-25,23728420.0
2021-01-26,20607328.0
2021-01-27,18249044.0
2021-01-28,18399896.0
2021-01-29,19074590.0
2021-02-01,17469082.0
2021-02-02,17902298.0
2021-02-03,18524334.0
2021-02-04,17421362.0
2021-02-05,16200155.0
2021-02-08,15265627.0
2021-02-09,15887766.0
2021-02-10,16018054.0
2021-02-18,20314196.0
2021-02-19,18126196.0
2021-02-22,21987592.0
2021-02-23,16429695.0
2021-02-24,18714776.0
2021-02-25,15885551.0
2021-02-26,16388365.0
2021-03-01,16556227.0
2021-03-02,16397554.0
2021-03-03,14264120.0
2021-03-04,17667812.0
2021-03-05,16632793.0
2021-03-08,18644234.0
2021-03-09,18377610.0
2021-03-10,14633837.0
2021-03-11,14839805.0
2021-03-12,14482773.0
2021-03-15,13517283.0
2021-03-16,13095509.0
2021-03-17,13192127.0
2021-03-18,14372651.0
2021-03-19,14205790.0
2021-03-22,14079874.0
2021-03-23,15725581.0
2021-03-24,13886669.0
2021-03-25,13961183.0
2021-03-26,14929651.0
2021-03-29,13994979.0
2021-03-30,14009719.0
2021-03-31,12274333.0
2021-04-01,11888952.0
2021-04-02,13174852.0
2021-04-06,12751430.0
2021-04-07,13437670.0
2021-04-08,13936796.0
2021-04-09,12762001.0
2021-04-12,14420386.0
2021-04-13,12527707.0
2021-04-14,12232153.0
2021-04-15,11802482.0
2021-04-16,12897302.0
2021-04-19,16265005.0
2021-04-20,15856568.0
2021-04-21,13601804.0
2021-04-22,14535959.0
2021-04-23,16206907.0
2021-04-26,19021126.0
2021-04-27,16712004.0
2021-04-28,16557390.0
2021-04-29,16385437.0
2021-04-30,16233416.0
2021-05-06,15897879.0
2021-05-07,14724101.0
2021-05-10,13686742.0
2021-05-11,13406145.0
2021-05-12,13838315.0
2021-05-13,14735706.0
2021-05-14,17757470.0
2021-05-17,18704506.0
2021-05-18,14504436.0
2021-05-19,14677334.0
2021-05-20,15159317.0
2021-05-21,15588301.0
2021-05-24,16176803.0
2021-05-25,17953048.0
2021-05-26,17449580.0
2021-05-27,17787296.0
2021-05-28,20008614.0
2021-05-31,19936120.0
2021-06-01,19590906.0
2021-06-02,19466326.0
2021-06-03,18316192.0
2021-06-04,18628032.0
2021-06-07,19258560.0
2021-06-08,19589360.0
2021-06-09,17443400.0
2021-06-10,22601932.0
2021-06-11,25352134.0
2021-06-15,22467306.0
2021-06-16,22882256.0
2021-06-17,22083210.0
2021-06-18,22693600.0
2021-06-21,23760798.0
2021-06-22,23993138.0
2021-06-23,24074716.0
2021-06-24,22208076.0
2021-06-25,22978804.0
2021-06-28,22648480.0
2021-06-29,23068474.0
2021-06-30,22532676.0
2021-07-01,24601596.0
2021-07-02,23588634.0
2021-07-05,23930024.0
2021-07-06,26491216.0
2021-07-07,25464166.0
2021-07-08,29017718.0
2021-07-09,26100050.0
2021-07-12,30978340.0
2021-07-13,29458524.0
2021-07-14,27346510.0
2021-07-15,24649354.0
2021-07-16,25163380.0
2021-07-19,24204222.0
2021-07-20,22015010.0
2021-07-21,29706342.0
2021-07-22,30957872.0
2021-07-23,32179176.0
2021-07-26,31841774.0
2021-07-27,34280692.0
2021-07-28,29454866.0
2021-07-29,32480224.0
2021-07-30,35364192.0
2021-08-02,36751684.0
2021-08-03,36381512.0
2021-08-04,33560948.0
2021-08-05,32762678.0
2021-08-06,30361250.0
2021-08-09,28414214.0
2021-08-10,31467950.0
2021-08-11,30500062.0
2021-08-12,31755708.0
2021-08-13,31707386.0
2021-08-16,29482936.0
2021-08-17,31001172.0
2021-08-18,28358872.0
2021-08-19,27481040.0
2021-08-20,28404070.0
2021-08-23,30988720.0
2021-08-24,32719986.0
2021-08-25,28334578.0
2021-08-26,29906046.0
2021-08-27,28303238.0
2021-08-30,31996464.0
2021-08-31,28497192.0
2021-09-01,29437352.0
2021-09-02,25889368.0
2021-09-03,29228188.0
2021-09-06,27691946.0
2021-09-07,26765568.0
2021-09-08,28769364.0
2021-09-09,26541670.0
2021-09-10,26544768.0
2021-09-13,26583456.0
2021-09-14,28947714.0
2021-09-15,26042366.0
2021-09-16,27238670.0
2021-09-17,24477918.0
2021-09-22,19931620.0
2021-09-23,23642842.0
2021-09-24,23733326.0
2021-09-27,26007156.0
2021-09-28,18731440.0
2021-09-29,19293350.0
2021-09-30,17952664.0
2021-10-08,19759492.0
2021-10-11,18917722.0
2021-10-12,19569674.0
2021-10-13,17176620.0
2021-10-14,17804644.0
2021-10-15,20403112.0
2021-10-18,19817234.0
2021-10-19,19822532.0
2021-10-20,20655536.0
2021-10-21,19362540.0
2021-10-22,19888734.0
2021-10-25,21581022.0
2021-10-26,23305300.0
2021-10-27,22772418.0
2021-10-28,22366650.0
2021-10-29,24395918.0
2021-11-01,24807582.0
2021-11-02,25524744.0
2021-11-03,21720638.0
2021-11-04,24069606.0
2021-11-05,26612950.0
2021-11-08,26275590.0
2021-11-09,24526388.0
2021-11-10,26929682.0
2021-11-11,29709644.0
2021-11-12,29136676.0
2021-11-15,30561776.0
2021-11-16,29811952.0
2021-11-17,26925732.0
2021-11-18,28699390.0
2021-11-19,27204822.0
2021-11-22,31824166.0
2021-11-23,31548264.0
2021-11-24,32593586.0
2021-11-25,31508490.0
2021-11-26,30311908.0
2021-11-29,31191080.0
2021-11-30,31794954.0
2021-12-01,29750214.0
2021-12-02,29118982.0
2021-12-03,25685596.0
2021-12-06,26042000.0
2021-12-07,25622286.0
2021-12-08,22953752.0
2021-12-09,26192410.0
2021-12-10,26369854.0
2021-12-13,27001926.0
2021-12-14,27460892.0
2021-12-15,28236366.0
2021-12-16,27243066.0
2021-12-17,28889790.0
2021-12-20,26492888.0
2021-12-21,22422896.0
2021-12-22,24414710.0
2021-12-23,23312470.0
2021-12-24,25348550.0
2021-12-27,20996340.0
2021-12-28,22726656.0
2021-12-29,22199538.0
2021-12-30,24328446.0
2021-12-31,23930416.0
2022-01-04,29781872.0
2022-01-05,29707544.0
2022-01-06,25846382.0
2022-01-07,26497680.0
2022-01-10,23131046.0
2022-01-11,23464466.0
2022-01-12,24599420.0
2022-01-13,24816578.0
2022-01-14,27146160.0
2022-01-17,31032118.0
2022-01-18,32226892.0
2022-01-19,27140206.0
2022-01-20,28393154.0
2022-01-21,22989774.0
2022-01-24,20171856.0
2022-01-25,21526618.0
2022-01-26,17681958.0
2022-01-27,19057402.0
2022-01-28,18110224.0
2022-02-07,17206742.0
2022-02-08,18460266.0
2022-02-09,20437736.0
2022-02-10,20704776.0
2022-02-11,21092914.0
2022-02-14,18555284.0
2022-02-15,18498984.0
2022-02-16,18562082.0
2022-02-17,21185208.0
2022-02-18,18651386.0
2022-02-21,22754634.0
2022-02-22,23506536.0
2022-02-23,25544044.0
2022-02-24,31739756.0
2022-02-25,23643064.0
2022-02-28,21141716.0
2022-03-01,21758872.0
2022-03-02,20913412.0
2022-03-03,21871666.0
2022-03-04,23120388.0
2022-03-07,21755634.0
2022-03-08,23988890.0
2022-03-09,24537790.0
2022-03-10,25446650.0
2022-03-11,24701302.0
2022-03-14,23183274.0
2022-03-15,24789900.0
2022-03-16,28227138.0
2022-03-17,32683862.0
2022-03-18,23566748.0
2022-03-21,24428920.0
2022-03-22,22199420.0
2022-03-23,20697138.0
2022-03-24,20133894.0
2022-03-25,19397192.0
2022-03-28,18033306.0
2022-03-29,18026626.0
2022-03-30,19141836.0
2022-03-31,20454282.0
2022-04-01,18756902.0
2022-04-06,17753034.0
2022-04-07,17883522.0
2022-04-08,17183314.0
2022-04-11,17266910.0
2022-04-12,15568467.0
2022-04-13,15556184.0
2022-04-14,15894143.0
2022-04-15,16318747.0
2022-04-18,13834425.0
2022-04-19,14103233.0
2022-04-20,16077069.0
2022-04-21,15924009.0
2022-04-22,14878440.0
2022-04-25,17188870.0
2022-04-26,16069152.0
2022-04-27,18386918.0
2022-04-28,16206527.0
2022-04-29,19163392.0
2022-05-05,17608912.0
2022-05-06,14731166.0
2022-05-09,13023131.0
2022-05-10,16168598.0
2022-05-11,21833644.0
2022-05-12,15430651.0
2022-05-13,13381882.0
2022-05-16,13862198.0
2022-05-17,14348375.0
2022-05-18,14008707.0
2022-05-19,14675347.0
2022-05-20,15847884.0
2022-05-23,14895391.0
2022-05-24,17965100.0
2022-05-25,13099762.0
2022-05-26,13732420.0
2022-05-27,13646075.0
2022-05-30,12912694.0
2022-05-31,15883518.0
2022-06-01,15156645.0
2022-06-02,15807403.0
2022-06-06,19636826.0
2022-06-07,18205474.0
2022-06-08,19500448.0
2022-06-09,15977824.0
2022-06-10,17393714.0
2022-06-13,18108160.0
2022-06-14,18444064.0
2022-06-15,22097620.0
2022-06-16,19360682.0
2022-06-17,21022694.0
2022-06-20,22073874.0
2022-06-21,20891480.0
2022-06-22,19959118.0
2022-06-23,21008648.0
2022-06-24,23163188.0
2022-06-27,23962846.0
2022-06-28,24094024.0
2022-06-29,25321414.0
2022-06-30,21775028.0
2022-07-01,19255058.0
2022-07-04,20866478.0
2022-07-05,22140752.0
2022-07-06,20081518.0
2022-07-07,20864502.0
2022-07-08,21224588.0
2022-07-11,18419342.0
2022-07-12,17339116.0
2022-07-13,17103904.0
2022-07-14,19674238.0
2022-07-15,19991630.0
2022-07-18,20857960.0
2022-07-19,20957706.0
2022-07-20,19687968.0
2022-07-21,19475766.0
2022-07-22,18719834.0
2022-07-25,16727027.0
2022-07-26,15808504.0
2022-07-27,17723522.0
2022-07-28,20917646.0
2022-07-29,20161738.0
2022-08-01,20600310.0
2022-08-02,24069750.0
2022-08-03,23294478.0
2022-08-04,18727312.0
2022-08-05,22061632.0
2022-08-08,20725798.0
2022-08-09,21168654.0
2022-08-10,20964630.0
2022-08-11,23789300.0
2022-08-12,20911770.0
2022-08-15,20284656.0
2022-08-16,21431002.0
2022-08-17,22530824.0
2022-08-18,22422156.0
2022-08-19,23292280.0
2022-08-22,20091268.0
2022-08-23,19254800.0
2022-08-24,22727136.0
2022-08-25,18809612.0
2022-08-26,17198922.0
2022-08-29,15805741.0
2022-08-30,16082605.0
2022-08-31,18706552.0
2022-09-01,14590216.0
2022-09-02,14342038.0
2022-09-05,13955763.0
2022-09-06,15548496.0
2022-09-07,16063449.0
2022-09-08,14540887.0
2022-09-09,13157813.0
2022-09-13,12912817.0
2022-09-14,13284242.0
2022-09-15,17095516.0
2022-09-16,14702977.0
2022-09-19,12546868.0
2022-09-20,11773431.0
2022-09-21,11196646.0
2022-09-22,11283144.0
2022-09-23,11794667.0
2022-09-26,12261791.0
2022-09-27,12018308.0
2022-09-28,11730283.0
2022-09-29,11247224.0
2022-09-30,10319210.0
2022-10-10,10824345.0
2022-10-11,10132456.0
2022-10-12,13520895.0
2022-10-13,13803854.0
2022-10-14,17366616.0
2022-10-17,16048947.0
2022-10-18,15759204.0
2022-10-19,14710129.0
2022-10-20,15835870.0
2022-10-21,13123818.0
2022-10-24,16432588.0
2022-10-25,16770361.0
2022-10-26,20040766.0
2022-10-27,20504490.0
2022-10-28,19048416.0
2022-10-31,17683198.0
2022-11-01,19518996.0
2022-11-02,21617568.0
2022-11-03,17820334.0
2022-11-04,21108538.0
2022-11-07,20087834.0
2022-11-08,16935614.0
2022-11-09,15411352.0
2022-11-10,17816356.0
2022-11-11,24066800.0
2022-11-14,20510790.0
2022-11-15,21528582.0
2022-11-16,19870232.0
2022-11-17,19036580.0
2022-11-18,21241004.0
2022-11-21,17834084.0
2022-11-22,17942052.0
2022-11-23,16584306.0
2022-11-24,14260152.0
2022-11-25,12824529.0
2022-11-28,12927399.0
2022-11-29,15884658.0
2022-11-30,15215550.0
2022-12-01,18959718.0
2022-12-02,16298600.0
2022-12-05,18581472.0
2022-12-06,17228556.0
2022-12-07,17526474.0
2022-12-08,16273911.0
2022-12-09,17866440.0
2022-12-12,16994060.0
2022-12-13,16587434.0
2022-12-14,15409198.0
2022-12-15,15037733.0
2022-12-16,15260095.0
2022-12-19,14221756.0
2022-12-20,11798882.0
2022-12-21,11020172.0
2022-12-22,12070510.0
2022-12-23,11194811.0
2022-12-26,11999233.0
2022-12-27,13164213.0
2022-12-28,11980388.0
2022-12-29,11282176.0
2022-12-30,10800193.0
2023-01-03,15262746.0
2023-01-04,14986170.0
2023-01-05,16029221.0
2023-01-06,15718125.0
2023-01-09,14921007.0
2023-01-10,14154143.0
2023-01-11,13878167.0
2023-01-12,12778542.0
2023-01-13,13396297.0
2023-01-16,16730733.0
2023-01-17,12815431.0
2023-01-18,11390638.0
2023-01-19,13012969.0
2023-01-20,13629779.0
2023-01-30,20848798.0
2023-01-31,17055296.0
2023-02-01,20139950.0
2023-02-02,21165006.0
2023-02-03,18653420.0
2023-02-06,19430386.0
2023-02-07,20262484.0
2023-02-08,19229812.0
2023-02-09,22005320.0
2023-02-10,21739194.0
2023-02-13,22544362.0
2023-02-14,21112928.0
2023-02-15,23308976.0
2023-02-16,27515130.0
2023-02-17,21289434.0
2023-02-20,19656368.0
2023-02-21,18579298.0
2023-02-22,16763712.0
2023-02-23,17192964.0
2023-02-24,15304050.0
2023-02-27,15255971.0
2023-02-28,15837368.0
2023-03-01,20082454.0
2023-03-02,20586942.0
2023-03-03,17439840.0
2023-03-06,18471386.0
2023-03-07,17771578.0
2023-03-08,15149618.0
2023-03-09,18184822.0
2023-03-10,20276708.0
2023-03-13,20216950.0
2023-03-14,22044288.0
2023-03-15,18213144.0
2023-03-16,18571712.0
2023-03-17,23237382.0
2023-03-20,24662150.0
2023-03-21,21840058.0
2023-03-22,25841314.0
2023-03-23,25776584.0
2023-03-24,28416158.0
2023-03-27,31460284.0
2023-03-28,27253606.0
2023-03-29,25471718.0
2023-03-30,22909102.0
2023-03-31,24601880.0
2023-04-03,33793520.0
2023-04-04,35041528.0
2023-04-06,31717418.0
2023-04-07,28751758.0
2023-04-10,31590052.0
2023-04-11,27156622.0
2023-04-12,29593980.0
2023-04-13,30232626.0
2023-04-14,28576364.0
2023-04-17,25131688.0
2023-04-18,25122658.0
2023-04-19,26501800.0
2023-04-20,28508750.0
2023-04-21,31154668.0
2023-04-24,27265666.0
2023-04-25,29429098.0
2023-04-26,31427556.0
2023-04-27,27767830.0
2023-04-28,28355880.0
2023-05-04,27253746.0
2023-05-05,25474816.0
2023-05-08,24885806.0
2023-05-09,25572448.0
2023-05-10,23637114.0
2023-05-11,22697368.0
2023-05-12,20868932.0
2023-05-15,22235558.0
2023-05-16,22055386.0
2023-05-17,21155098.0
2023-05-18,25517314.0
2023-05-19,24183994.0
2023-05-22,21184544.0
2023-05-23,21320736.0
2023-05-24,22435702.0
2023-05-25,25179678.0
2023-05-26,24526790.0
2023-05-29,26392128.0
2023-05-30,27329318.0
2023-05-31,27413542.0
2023-06-01,28661658.0
2023-06-02,26569072.0
2023-06-05,24219652.0
2023-06-06,25726426.0
2023-06-07,23068024.0
2023-06-08,23574334.0
2023-06-09,26731078.0
2023-06-12,25125308.0
2023-06-13,25316248.0
2023-06-14,26771378.0
2023-06-15,29628458.0
2023-06-16,28844238.0
2023-06-19,30853326.0
2023-06-20,30579514.0
2023-06-21,29004972.0
2023-06-26,25714358.0
2023-06-27,20471408.0
2023-06-28,23187198.0
2023-06-29,22731778.0
2023-06-30,24511074.0
2023-07-03,25212716.0
2023-07-04,23224092.0
2023-07-05,22526848.0
2023-07-06,21038836.0
2023-07-07,21109876.0
2023-07-10,19842396.0
2023-07-11,19651242.0
2023-07-12,23657350.0
2023-07-13,24655800.0
2023-07-14,25476364.0
2023-07-17,21852182.0
2023-07-18,20178956.0
2023-07-19,18598536.0
2023-07-20,20928048.0
2023-07-21,19037508.0
2023-07-24,16185857.0
2023-07-25,21343124.0
2023-07-26,19225502.0
2023-07-27,18790870.0
2023-07-28,21111566.0
2023-07-31,23293980.0
2023-08-01,20792682.0
2023-08-02,17873056.0
2023-08-03,18068948.0
2023-08-04,23896706.0
2023-08-07,21497952.0
2023-08-08,20077040.0
2023-08-09,20101660.0
2023-08-10,18697456.0
2023-08-11,19388846.0
2023-08-14,19028026.0
2023-08-15,19121412.0
2023-08-16,18871336.0
2023-08-17,19830120.0
2023-08-18,20241556.0
2023-08-21,18175944.0
2023-08-22,22136646.0
2023-08-23,19373792.0
2023-08-24,21914988.0
2023-08-25,21902952.0
2023-08-28,28347108.0
2023-08-29,28424632.0
2023-08-30,27399146.0
2023-08-31,21662014.0
2023-09-01,18718228.0
2023-09-04,20037764.0
2023-09-05,21820592.0
2023-09-06,22800750.0
2023-09-07,22819102.0
2023-09-08,21725514.0
2023-09-11,23748010.0
2023-09-12,20504688.0
2023-09-13,20011086.0
2023-09-14,18261404.0
2023-09-15,18526510.0
2023-09-18,18095552.0
2023-09-19,15961907.0
2023-09-20,14685518.0
2023-09-21,14874672.0
2023-09-22,20658412.0
2023-09-25,19936054.0
2023-09-26,19237474.0
2023-09-27,20125254.0
2023-09-28,20097872.0
2023-10-09,22143826.0
2023-10-10,22606630.0
2023-10-11,24707790.0
2023-10-12,22693340.0
2023-10-13,23602362.0
2023-10-16,22319618.0
2023-10-17,20164644.0
2023-10-18,19948378.0
2023-10-19,20361372.0
2023-10-20,18942374.0
2023-10-23,18300580.0
2023-10-24,21178080.0
2023-10-25,23510500.0
2023-10-26,24358892.0
2023-10-27,27558838.0
2023-10-30,27797458.0
2023-10-31,24473394.0
2023-11-01,21037556.0
2023-11-02,21384138.0
2023-11-03,22379990.0
2023-11-06,28313996.0
2023-11-07,28093110.0
2023-11-08,30357426.0
2023-11-09,27869860.0
2023-11-10,22799608.0
2023-11-13,25063044.0
2023-11-14,25626190.0
2023-11-15,28100386.0
2023-11-16,24746090.0
2023-11-17,23029136.0
2023-11-20,25966520.0
2023-11-21,27441086.0
2023-11-22,24336136.0
2023-11-23,21262014.0
2023-11-24,21790512.0
2023-11-27,20941584.0
2023-11-28,19549280.0
2023-11-29,19140358.0
2023-11-30,19601114.0
2023-12-01,21971208.0
2023-12-04,22805130.0
2023-12-05,21155052.0
2023-12-06,20677554.0
2023-12-07,21599662.0
2023-12-08,25037882.0
2023-12-11,22297752.0
2023-12-12,20489918.0
2023-12-13,19135270.0
2023-12-14,17807780.0
2023-12-15,17236428.0
2023-12-18,16234063.0
2023-12-19,15472874.0
2023-12-20,16365525.0
2023-12-21,18337230.0
2023-12-22,20170730.0
2023-12-25,14262551.0
2023-12-26,14522758.0
2023-12-27,14535265.0
2023-12-28,20053808.0
2023-12-29,20128728.0
2024-01-02,17933668.0
2024-01-03,16719410.0
2024-01-04,15029436.0
2024-01-05,15949642.0
2024-01-08,14233249.0
2024-01-09,15259070.0
2024-01-10,14509969.0
2024-01-11,16390455.0
2024-01-12,15297854.0
2024-01-15,13038688.0
2024-01-16,14524842.0
2024-01-17,13283255.0
2024-01-18,18220902.0
2024-01-19,14854940.0
2024-01-22,17468906.0
2024-01-23,15910909.0
2024-01-24,16285358.0
2024-01-25,18154558.0
2024-01-26,17049140.0
2024-01-29,16272667.0
2024-01-30,13110340.0
2024-01-31,16657243.0
2024-02-01,15046571.0
2024-02-02,16587791.0
2024-02-05,19617288.0
2024-02-06,19849986.0
2024-02-07,21068722.0
2024-02-08,21953502.0
2024-02-19,22197252.0
2024-02-20,19627050.0
2024-02-21,22765246.0
2024-02-22,20412566.0
2024-02-23,24308424.0
2024-02-26,25430914.0
2024-02-27,26473602.0
2024-02-28,34760476.0
2024-02-29,25716334.0
2024-03-01,26574442.0
2024-03-04,26780910.0
2024-03-05,26592576.0
2024-03-06,22720084.0
2024-03-07,23894504.0
2024-03-08,20785402.0
2024-03-11,25613388.0
2024-03-12,28064192.0
2024-03-13,27672550.0
2024-03-14,24907010.0
2024-03-15,23738216.0
2024-03-18,28529476.0
2024-03-19,27745674.0
2024-03-20,26981012.0
2024-03-21,28406890.0
2024-03-22,29565784.0
2024-03-25,26869022.0
2024-03-26,25321156.0
2024-03-27,22629556.0
2024-03-28,23757502.0
2024-03-29,21725230.0
2024-04-01,24042070.0
2024-04-02,24422980.0
2024-04-03,21801456.0
2024-04-08,20292302.0
2024-04-09,18311536.0
2024-04-10,18866818.0
2024-04-11,18013914.0
2024-04-12,18193520.0
2024-04-15,21730426.0
2024-04-16,20982522.0
2024-04-17,20700282.0
2024-04-18,20537864.0
2024-04-19,19199120.0
2024-04-22,17869650.0
2024-04-23,17848906.0
2024-04-24,20874132.0
2024-04-25,20630178.0
2024-04-26,26359282.0
2024-04-29,27757652.0
2024-04-30,21903900.0
2024-05-06,23573618.0
2024-05-07,23676458.0
2024-05-08,22552508.0
2024-05-09,22808426.0
2024-05-10,22506900.0
2024-05-13,20635134.0
2024-05-14,19234118.0
2024-05-15,17989638.0
2024-05-16,19038084.0
2024-05-17,20818742.0
2024-05-20,21724008.0
2024-05-21,18684618.0
2024-05-22,20413164.0
2024-05-23,21839640.0
2024-05-24,20369280.0
2024-05-27,19036124.0
2024-05-28,19030768.0
2024-05-29,18522372.0
2024-05-30,17977018.0
2024-05-31,19801104.0
2024-06-03,21581968.0
2024-06-04,20192404.0
2024-06-05,18217528.0
2024-06-06,21637428.0
2024-06-07,18241590.0
2024-06-11,16804154.0
2024-06-12,17496548.0
2024-06-13,19067604.0
2024-06-14,21260800.0
2024-06-17,19065232.0
2024-06-18,20016404.0
2024-06-19,20031006.0
2024-06-20,19627886.0
2024-06-21,16158250.0
2024-06-24,17432898.0
2024-06-25,16444868.0
2024-06-26,17794804.0
2024-06-27,17683906.0
2024-06-28,18908816.0
2024-07-01,16988742.0
2024-07-02,17214862.0
2024-07-03,15796725.0
2024-07-04,15277308.0
2024-07-05,14393183.0
2024-07-08,14275050.0
2024-07-09,18188848.0
2024-07-10,16898778.0
2024-07-11,19977836.0
2024-07-12,17343836.0
2024-07-15,14798532.0
2024-07-16,16320578.0
2024-07-17,16655994.0
2024-07-18,17620508.0
2024-07-19,16335564.0
2024-07-22,15954218.0
2024-07-23,16604638.0
2024-07-24,16053682.0
2024-07-25,14905477.0
2024-07-26,15276132.0
2024-07-29,15724744.0
2024-07-30,15546991.0
2024-07-31,22393618.0
2024-08-01,19901664.0
2024-08-02,19204464.0
2024-08-05,19199716.0
2024-08-06,15606699.0
2024-08-07,14903394.0
2024-08-08,15575458.0
2024-08-09,13875865.0
2024-08-12,12920923.0
2024-08-13,12189630.0
2024-08-14,12927001.0
2024-08-15,15930758.0
2024-08-16,17568116.0
2024-08-19,16734909.0
2024-08-20,15688584.0
2024-08-21,14870521.0
2024-08-22,15446168.0
2024-08-23,14471476.0
2024-08-26,14906397.0
2024-08-27,13979836.0
2024-08-28,12923802.0
2024-08-29,16539709.0
2024-08-30,22796594.0
2024-09-02,17680516.0
2024-09-03,14896541.0
2024-09-04,15405415.0
2024-09-05,14794447.0
2024-09-06,14629460.0
2024-09-09,12353285.0
2024-09-10,13554227.0
2024-09-11,12657139.0
2024-09-12,13680919.0
2024-09-13,13380483.0
2024-09-18,11305113.0
2024-09-19,14414776.0
2024-09-20,13863335.0
2024-09-23,13556639.0
2024-09-24,23000504.0
2024-09-25,27772352.0
2024-09-26,27072382.0
2024-09-27,43946440.0
2024-09-30,67472624.0
2024-10-08,96872608.0
2024-10-09,92541760.0
2024-10-10,63325220.0
2024-10-11,48912560.0
2024-10-14,50181696.0
2024-10-15,58066156.0
2024-10-16,46744340.0
2024-10-17,52553596.0
2024-10-18,72322056.0
2024-10-21,77979040.0
2024-10-22,68128344.0
2024-10-23,63653008.0
2024-10-24,49824012.0
2024-10-25,58375420.0
2024-10-28,57560320.0
2024-10-29,63163924.0
2024-10-30,55647084.0
2024-10-31,64885740.0
2024-11-01,60061824.0
2024-11-04,43257104.0
2024-11-05,63879512.0
2024-11-06,72892856.0
2024-11-07,67813864.0
2024-11-08,74760904.0
2024-11-11,70676352.0
2024-11-12,70726064.0
2024-11-13,56127808.0
2024-11-14,49448488.0
2024-11-15,51861020.0
2024-11-18,46611528.0
2024-11-19,40915788.0
2024-11-20,46581176.0
2024-11-21,46356524.0
2024-11-22,48900176.0
2024-11-25,39847124.0
2024-11-26,36045712.0
2024-11-27,40133016.0
2024-11-28,41981328.0
2024-11-29,50136528.0
2024-12-02,50596944.0
2024-12-03,48223580.0
2024-12-04,45931500.0
2024-12-05,44034344.0
2024-12-06,50991608.0
2024-12-09,44166868.0
2024-12-10,63330280.0
2024-12-11,48839248.0
2024-12-12,51049544.0
2024-12-13,56135796.0
2024-12-16,45027476.0
2024-12-17,39726528.0
2024-12-18,35489600.0
2024-12-19,37578444.0
2024-12-20,42724792.0
2024-12-23,40961036.0
2024-12-24,34940240.0
2024-12-25,33746028.0
2024-12-26,34729344.0
2024-12-27,38589820.0
2024-12-30,34220572.0
2024-12-31,35219948.0
2025-01-02,34243964.0
2025-01-03,32493286.0
2025-01-06,26060878.0
2025-01-07,27778642.0
2025-01-08,31654822.0
2025-01-09,28745352.0
2025-01-10,29534068.0
2025-01-13,24566916.0
2025-01-14,38616556.0
2025-01-15,32902394.0
2025-01-16,35478952.0
2025-01-17,31026578.0
2025-01-20,32397676.0
2025-01-21,33150164.0
2025-01-22,32148792.0
2025-01-23,38783432.0
2025-01-24,36078324.0
2025-01-27,32401352.0
2025-02-05,37866628.0
2025-02-06,46494932.0
2025-02-07,58980872.0
2025-02-10,51222732.0
2025-02-11,48781548.0
2025-02-12,49403108.0
2025-02-13,51891600.0
2025-02-14,51564600.0
2025-02-17,59494132.0
2025-02-18,53299392.0
2025-02-19,50733944.0
2025-02-20,53732216.0
2025-02-21,66930876.0
2025-02-24,61940556.0
2025-02-25,56187224.0
2025-02-26,58693696.0
2025-02-27,59646704.0
2025-02-28,53090204.0
2025-03-03,47269624.0
2025-03-04,42787568.0
2025-03-05,44227056.0
2025-03-06,59229712.0
2025-03-07,55184112.0
2025-03-10,43859252.0
2025-03-11,41378716.0
2025-03-12,49741216.0
2025-03-13,45745924.0
2025-03-14,50750600.0
2025-03-17,46167676.0
2025-03-18,46163144.0
2025-03-19,44064652.0
2025-03-20,41693228.0
2025-03-21,43384688.0
2025-03-24,40022532.0
2025-03-25,34710436.0
2025-03-26,30761232.0
2025-03-27,32472350.0
2025-03-28,29947010.0
2025-03-31,32133078.0
2025-04-01,30371696.0
2025-04-02,26507252.0
2025-04-03,29899002.0
2025-04-07,46467264.0
2025-04-08,39033376.0
2025-04-09,41889040.0
2025-04-10,42515656.0
2025-04-11,34888252.0
2025-04-14,32318400.0
2025-04-15,27374310.0
2025-04-16,27304080.0
2025-04-17,24828000.0
2025-04-18,23412028.0
2025-04-21,27726158.0
2025-04-22,28108588.0
2025-04-23,34646080.0
2025-04-24,30585920.0
2025-04-25,29163428.0
2025-04-28,26311630.0
2025-04-29,27073712.0
2025-04-30,29339514.0
2025-05-06,36252548.0
2025-05-07,41502584.0
2025-05-08,37581788.0
2025-05-09,33603164.0
2025-05-12,36815584.0
2025-05-13,36823048.0
2025-05-14,36947332.0
2025-05-15,31581894.0
2025-05-16,29845988.0
2025-05-19,29026884.0
2025-05-20,32423480.0
2025-05-21,31605214.0
2025-05-22,29406312.0
2025-05-23,31286834.0
2025-05-26,26869638.0
2025-05-27,26361254.0
2025-05-28,27220702.0
2025-05-29,33664528.0
2025-05-30,32104124.0
2025-06-03,30712680.0
2025-06-04,31949374.0
2025-06-05,37001588.0
2025-06-06,32293158.0
2025-06-09,36824700.0
2025-06-10,41180108.0
2025-06-11,36048516.0
2025-06-12,37857180.0
2025-06-13,41050620.0
2025-06-16,35764668.0
2025-06-17,37299172.0
2025-06-18,37184768.0
2025-06-19,38686076.0
2025-06-20,32638556.0
2025-06-23,34032840.0
2025-06-24,44166004.0
2025-06-25,51842104.0
2025-06-26,51018248.0
2025-06-27,46456208.0
2025-06-30,46215700.0
2025-07-01,44449640.0
2025-07-02,39378512.0
2025-07-03,38200560.0
2025-07-04,42045356.0
2025-07-07,34651136.0
2025-07-08,43654356.0
2025-07-09,43550948.0
2025-07-10,41945532.0
2025-07-11,46001628.0
2025-07-14,38727980.0
2025-07-15,44744368.0
2025-07-16,42901936.0
2025-07-17,44312292.0
2025-07-18,43250352.0
2025-07-21,44401664.0
2025-07-22,48125816.0
2025-07-23,44873804.0
2025-07-24,45823728.0
2025-07-25,43587340.0
2025-07-28,45438932.0
2025-07-29,49577512.0
2025-07-30,50331884.0
2025-07-31,54439092.0
2025-08-01,46821956.0
2025-08-04,43770044.0
2025-08-05,47848112.0
2025-08-06,52517304.0
2025-08-07,55215088.0
2025-08-08,50414620.0
2025-08-11,53598524.0
2025-08-12,55013868.0
2025-08-13,63682752.0
2025-08-14,65132824.0
2025-08-15,66016988.0
2025-08-18,83968144.0
2025-08-19,76311184.0
2025-08-20,65053680.0
2025-08-21,65637484.0
2025-08-22,69774040.0
2025-08-25,87497504.0
2025-08-26,75006800.0
2025-08-27,88806496.0
2025-08-28,83976752.0
2025-08-29,77106784.0
2025-09-01,73272504.0
2025-09-02,80384416.0
2025-09-03,65757132.0
2025-09-04,71631720.0
2025-09-05,67608496.0
2025-09-08,69895376.0
2025-09-09,57233744.0
2025-09-10,56725276.0
2025-09-11,70426136.0
2025-09-12,68031536.0
2025-09-15,62084148.0
2025-09-16,64190336.0
2025-09-17,66828244.0
2025-09-18,83505824.0
2025-09-19,60365588.0
2025-09-22,54749108.0
2025-09-23,67031788.0
2025-09-24,63210796.0
2025-09-25,66305308.0
2025-09-26,57023544.0
2025-09-29,57468152.0
2025-09-30,58396108.0
2025-10-09,65820984.0
2025-10-10,62094692.0
2025-10-13,57801224.0
2025-10-14,60683844.0
2025-10-15,49177292.0
2025-10-16,47755944.0
2025-10-17,46567992.0
2025-10-20,43809584.0
2025-10-21,47886000.0
2025-10-22,41649360.0
2025-10-23,40794916.0
2025-10-24,52969040.0
2025-10-27,61542132.0
2025-10-28,57326628.0
2025-10-29,62073368.0
2025-10-30,64529916.0
2025-10-31,59534988.0
2025-11-03,54037176.0
2025-11-04,48131524.0
2025-11-05,47738316.0
2025-11-06,50455628.0
2025-11-07,50238240.0
2025-11-10,52323424.0
2025-11-11,51196728.0
2025-11-12,49293700.0
2025-11-13,52867208.0
2025-11-14,49432664.0
2025-11-17,49370072.0
2025-11-18,50884108.0
2025-11-19,46365036.0
2025-11-20,45205148.0
2025-11-21,53743764.0
2025-11-24,48229892.0
2025-11-25,52815916.0
2025-11-26,52902712.0
2025-11-27,49910620.0
2025-11-28,46062004.0
2025-12-01,52288448.0
2025-12-02,45181288.0
2025-12-03,47065668.0
2025-12-04,41617656.0
2025-12-05,47695344.0
2025-12-08,59013176.0
2025-12-09,53503376.0
2025-12-10,49561832.0
2025-12-11,51874928.0
2025-12-12,56629060.0
2025-12-15,47207884.0
2025-12-16,45334736.0
2025-12-17,49511448.0
2025-12-18,44985520.0
2025-12-19,44470364.0
2025-12-22,48830076.0
2025-12-23,49864220.0
2025-12-24,50898524.0
2025-12-25,53266352.0
2025-12-26,57872744.0
2025-12-29,54395144.0
2025-12-30,56591004.0
2025-12-31,54912580.0
2026-01-05,70206064.0
2026-01-06,76347528.0
2026-01-07,76325056.0
2026-01-08,75565096.0
2026-01-09,87890104.0
2026-01-12,109621880.0
2026-01-13,108692224.0
2026-01-14,116515704.0
2026-01-15,84971352.0
2026-01-16,84635616.0
2026-01-19,71506352.0
2026-01-20,70927296.0
2026-01-21,65611700.0
2026-01-22,68617576.0
2026-01-23,82262672.0
2026-01-26,84521120.0
2026-01-27,75037176.0
2026-01-28,74931848.0
2026-01-29,79563008.0
2026-01-30,73096408.0
2026-02-02,68186568.0
2026-02-03,68173760.0
2026-02-04,68087256.0
2026-02-05,55891572.0
2026-02-06,56654668.0
2026-02-09,64448576.0
2026-02-10,59712896.0
2026-02-11,56522832.0
2026-02-12,61812632.0
2026-02-13,54608160.0
2026-02-24,59700392.0
2026-02-25,62685144.0
2026-02-26,69712648.0
2026-02-27,66707508.0
2026-03-02,74371944.0
2026-03-03,75575832.0
2026-03-04,54415728.0
2026-03-05,61218148.0
2026-03-06,54351268.0
2026-03-09,65375608.0
2026-03-10,64871532.0
2026-03-11,66314412.0
2026-03-12,59974432.0
2026-03-13,57996568.0
