,沪深300
2005-01-04,980.65
2005-01-05,979.87
2005-01-06,980.33
2005-01-07,979.81
2005-01-10,979.78
2005-01-11,991.09
2005-01-12,989.25
2005-01-13,992.69
2005-01-14,987.23
2005-01-17,965.07
2005-01-18,960.29
2005-01-19,965.25
2005-01-20,952.23
2005-01-21,943.43
2005-01-24,986.23
2005-01-25,985.23
2005-01-26,988.47
2005-01-27,973.77
2005-01-28,965.2
2005-01-31,953.14
2005-02-01,952.74
2005-02-02,956.7
2005-02-03,992.15
2005-02-04,989.93
2005-02-16,1018.48
2005-02-17,1010.47
2005-02-18,1005.63
2005-02-21,1006.69
2005-02-22,1024.52
2005-02-23,1036.62
2005-02-24,1034.73
2005-02-25,1045.98
2005-02-28,1035.03
2005-03-01,1031.16
2005-03-02,1021.0
2005-03-03,1014.75
2005-03-04,1022.17
2005-03-07,1024.48
2005-03-08,1032.85
2005-03-09,1041.98
2005-03-10,1019.63
2005-03-11,1016.93
2005-03-14,1014.92
2005-03-15,1011.64
2005-03-16,995.96
2005-03-17,992.12
2005-03-18,975.7
2005-03-21,973.0
2005-03-22,959.56
2005-03-23,955.99
2005-03-24,948.53
2005-03-25,959.05
2005-03-28,948.8
2005-03-29,954.74
2005-03-30,936.37
2005-03-31,928.33
2005-04-01,937.55
2005-04-04,956.12
2005-04-05,953.58
2005-04-06,948.94
2005-04-07,974.3
2005-04-08,979.53
2005-04-11,992.77
2005-04-12,978.2
2005-04-13,987.95
2005-04-14,985.58
2005-04-15,971.93
2005-04-18,958.65
2005-04-19,957.91
2005-04-20,946.2
2005-04-21,938.59
2005-04-22,934.96
2005-04-25,920.16
2005-04-26,924.66
2005-04-27,925.9
2005-04-28,914.83
2005-04-29,929.81
2005-05-09,909.17
2005-05-10,892.31
2005-05-11,900.44
2005-05-12,883.51
2005-05-13,875.58
2005-05-16,869.33
2005-05-17,868.21
2005-05-18,871.82
2005-05-19,871.29
2005-05-20,879.18
2005-05-23,862.1
2005-05-24,855.59
2005-05-25,861.66
2005-05-26,854.96
2005-05-27,848.4
2005-05-30,842.1
2005-05-31,853.29
2005-06-01,836.04
2005-06-02,812.99
2005-06-03,807.97
2005-06-06,807.78
2005-06-07,835.18
2005-06-08,844.47
2005-06-09,895.04
2005-06-10,889.1
2005-06-13,877.69
2005-06-14,882.86
2005-06-15,865.14
2005-06-16,861.83
2005-06-17,876.04
2005-06-20,872.56
2005-06-21,894.39
2005-06-22,891.93
2005-06-23,892.83
2005-06-24,888.4
2005-06-27,904.21
2005-06-28,901.21
2005-06-29,898.08
2005-06-30,876.88
2005-07-01,858.37
2005-07-04,842.81
2005-07-05,845.36
2005-07-06,838.61
2005-07-07,839.28
2005-07-08,827.23
2005-07-11,822.52
2005-07-12,818.86
2005-07-13,841.86
2005-07-14,843.18
2005-07-15,837.78
2005-07-18,829.68
2005-07-19,829.28
2005-07-20,832.14
2005-07-21,835.76
2005-07-22,842.99
2005-07-25,854.28
2005-07-26,856.19
2005-07-27,876.04
2005-07-28,888.5
2005-07-29,883.38
2005-08-01,885.85
2005-08-02,888.4
2005-08-03,903.76
2005-08-04,901.63
2005-08-05,903.94
2005-08-08,923.57
2005-08-09,919.11
2005-08-10,926.28
2005-08-11,939.39
2005-08-12,933.98
2005-08-15,936.11
2005-08-16,939.92
2005-08-17,930.33
2005-08-18,919.12
2005-08-19,910.08
2005-08-22,919.22
2005-08-23,915.03
2005-08-24,923.56
2005-08-25,920.61
2005-08-26,921.84
2005-08-29,913.77
2005-08-30,912.84
2005-08-31,911.51
2005-09-01,926.06
2005-09-02,941.31
2005-09-05,944.63
2005-09-06,934.97
2005-09-07,932.65
2005-09-08,947.71
2005-09-09,946.02
2005-09-12,945.4
2005-09-13,948.13
2005-09-14,961.64
2005-09-15,965.66
2005-09-16,964.28
2005-09-19,964.26
2005-09-20,957.12
2005-09-21,943.82
2005-09-22,914.23
2005-09-23,914.81
2005-09-26,913.61
2005-09-27,903.39
2005-09-28,901.38
2005-09-29,904.28
2005-09-30,913.45
2005-10-10,906.88
2005-10-11,904.04
2005-10-12,917.38
2005-10-13,916.28
2005-10-14,902.81
2005-10-17,892.36
2005-10-18,895.62
2005-10-19,897.04
2005-10-20,889.57
2005-10-21,897.99
2005-10-24,900.23
2005-10-25,893.61
2005-10-26,873.9
2005-10-27,869.72
2005-10-28,859.69
2005-10-31,866.15
2005-11-01,862.69
2005-11-02,873.39
2005-11-03,872.11
2005-11-04,869.68
2005-11-07,870.08
2005-11-08,870.96
2005-11-09,878.68
2005-11-10,862.09
2005-11-11,857.79
2005-11-14,858.34
2005-11-15,853.86
2005-11-16,847.49
2005-11-17,859.0
2005-11-18,862.4
2005-11-21,880.3
2005-11-22,869.53
2005-11-23,866.19
2005-11-24,874.88
2005-11-25,877.26
2005-11-28,877.64
2005-11-29,870.56
2005-11-30,866.98
2005-12-01,870.7
2005-12-02,866.37
2005-12-05,858.86
2005-12-06,855.72
2005-12-07,865.02
2005-12-08,870.12
2005-12-09,871.26
2005-12-12,884.26
2005-12-13,880.74
2005-12-14,884.37
2005-12-15,895.17
2005-12-16,894.1
2005-12-19,898.79
2005-12-20,899.66
2005-12-21,902.11
2005-12-22,900.66
2005-12-23,908.51
2005-12-26,916.41
2005-12-27,916.01
2005-12-28,915.12
2005-12-29,921.14
2005-12-30,921.83
2006-01-04,926.41
2006-01-05,942.31
2006-01-06,956.04
2006-01-09,966.05
2006-01-10,964.43
2006-01-11,963.39
2006-01-12,968.54
2006-01-13,973.68
2006-01-16,960.88
2006-01-17,952.23
2006-01-18,963.08
2006-01-19,978.28
2006-01-20,987.06
2006-01-23,989.34
2006-01-24,993.39
2006-01-25,989.51
2006-02-06,1012.81
2006-02-07,1019.94
2006-02-08,1022.94
2006-02-09,1017.05
2006-02-10,1018.48
2006-02-13,1021.84
2006-02-14,1030.46
2006-02-15,1038.74
2006-02-16,1019.21
2006-02-17,1015.99
2006-02-20,1020.02
2006-02-21,1014.66
2006-02-22,1036.38
2006-02-23,1029.25
2006-02-24,1041.97
2006-02-27,1045.97
2006-02-28,1033.66
2006-03-01,1049.64
2006-03-02,1034.68
2006-03-03,1029.56
2006-03-06,1036.11
2006-03-07,1013.14
2006-03-08,999.93
2006-03-09,1002.2
2006-03-10,1004.69
2006-03-13,1008.51
2006-03-14,1012.11
2006-03-15,1017.08
2006-03-16,1025.52
2006-03-17,1021.08
2006-03-20,1019.65
2006-03-21,1036.23
2006-03-22,1036.71
2006-03-23,1042.82
2006-03-24,1041.23
2006-03-27,1037.08
2006-03-28,1048.64
2006-03-29,1057.68
2006-03-30,1055.14
2006-03-31,1050.22
2006-04-03,1061.96
2006-04-04,1076.2
2006-04-05,1089.55
2006-04-06,1097.32
2006-04-07,1091.89
2006-04-10,1100.69
2006-04-11,1112.01
2006-04-12,1116.15
2006-04-13,1093.51
2006-04-14,1091.67
2006-04-17,1114.53
2006-04-18,1119.27
2006-04-19,1125.2
2006-04-20,1127.09
2006-04-21,1127.65
2006-04-24,1135.75
2006-04-25,1123.1
2006-04-26,1142.07
2006-04-27,1145.26
2006-04-28,1133.19
2006-05-08,1179.58
2006-05-09,1222.68
2006-05-10,1243.47
2006-05-11,1254.35
2006-05-12,1252.68
2006-05-15,1301.8
2006-05-16,1322.14
2006-05-17,1306.87
2006-05-18,1301.11
2006-05-19,1329.32
2006-05-22,1360.35
2006-05-23,1316.55
2006-05-24,1277.33
2006-05-25,1285.73
2006-05-26,1309.46
2006-05-29,1330.63
2006-05-30,1360.55
2006-05-31,1355.01
2006-06-01,1362.94
2006-06-02,1382.0
2006-06-05,1362.72
2006-06-06,1391.9
2006-06-07,1319.7
2006-06-08,1286.9
2006-06-09,1293.05
2006-06-12,1275.4
2006-06-13,1284.62
2006-06-14,1269.52
2006-06-15,1280.5
2006-06-16,1290.0
2006-06-19,1294.9
2006-06-20,1323.78
2006-06-21,1320.41
2006-06-22,1326.15
2006-06-23,1319.51
2006-06-26,1341.61
2006-06-27,1354.09
2006-06-28,1353.63
2006-06-29,1365.25
2006-06-30,1384.99
2006-07-03,1393.92
2006-07-04,1401.15
2006-07-05,1377.22
2006-07-06,1390.19
2006-07-07,1405.99
2006-07-10,1397.44
2006-07-11,1406.5
2006-07-12,1416.74
2006-07-13,1344.16
2006-07-14,1327.59
2006-07-17,1348.43
2006-07-18,1359.91
2006-07-19,1330.28
2006-07-20,1329.18
2006-07-21,1344.57
2006-07-24,1327.9
2006-07-25,1359.32
2006-07-26,1367.05
2006-07-27,1347.29
2006-07-28,1327.66
2006-07-31,1293.53
2006-08-01,1278.54
2006-08-02,1258.01
2006-08-03,1261.69
2006-08-04,1239.38
2006-08-07,1221.99
2006-08-08,1225.04
2006-08-09,1245.39
2006-08-10,1251.08
2006-08-11,1265.52
2006-08-14,1241.95
2006-08-15,1239.91
2006-08-16,1262.54
2006-08-17,1263.93
2006-08-18,1265.82
2006-08-21,1229.17
2006-08-22,1269.1
2006-08-23,1282.84
2006-08-24,1274.56
2006-08-25,1292.45
2006-08-28,1298.36
2006-08-29,1327.0
2006-08-30,1319.82
2006-08-31,1331.29
2006-09-01,1314.57
2006-09-04,1315.61
2006-09-05,1334.72
2006-09-06,1331.85
2006-09-07,1323.98
2006-09-08,1326.25
2006-09-11,1319.21
2006-09-12,1337.3
2006-09-13,1337.46
2006-09-14,1323.8
2006-09-15,1338.14
2006-09-18,1362.14
2006-09-19,1371.43
2006-09-20,1365.72
2006-09-21,1378.46
2006-09-22,1373.94
2006-09-25,1361.61
2006-09-26,1351.18
2006-09-27,1355.39
2006-09-28,1369.4
2006-09-29,1389.04
2006-10-09,1418.21
2006-10-10,1426.97
2006-10-11,1421.81
2006-10-12,1423.63
2006-10-13,1420.96
2006-10-16,1415.49
2006-10-17,1410.67
2006-10-18,1413.55
2006-10-19,1433.94
2006-10-20,1436.65
2006-10-23,1403.01
2006-10-24,1408.58
2006-10-25,1434.81
2006-10-26,1435.28
2006-10-27,1433.35
2006-10-30,1428.33
2006-10-31,1447.06
2006-11-01,1461.32
2006-11-02,1464.6
2006-11-03,1480.77
2006-11-06,1472.0
2006-11-07,1491.33
2006-11-08,1497.01
2006-11-09,1489.2
2006-11-10,1493.2
2006-11-13,1465.63
2006-11-14,1453.26
2006-11-15,1490.87
2006-11-16,1531.29
2006-11-17,1521.55
2006-11-20,1567.34
2006-11-21,1568.95
2006-11-22,1600.38
2006-11-23,1618.04
2006-11-24,1611.55
2006-11-27,1627.92
2006-11-28,1629.82
2006-11-29,1604.81
2006-11-30,1671.67
2006-12-01,1715.79
2006-12-04,1731.9
2006-12-05,1777.43
2006-12-06,1717.72
2006-12-07,1770.57
2006-12-08,1710.0
2006-12-11,1705.91
2006-12-12,1772.11
2006-12-13,1779.56
2006-12-14,1805.2
2006-12-15,1832.51
2006-12-18,1875.01
2006-12-19,1882.54
2006-12-20,1893.42
2006-12-21,1905.72
2006-12-22,1880.57
2006-12-25,1898.82
2006-12-26,1914.97
2006-12-27,1939.55
2006-12-28,1964.97
2006-12-29,1991.88
2007-01-04,2054.24
2007-01-05,2030.76
2007-01-08,2071.72
2007-01-09,2128.06
2007-01-10,2194.77
2007-01-11,2224.37
2007-01-12,2159.77
2007-01-15,2170.94
2007-01-16,2297.24
2007-01-17,2266.34
2007-01-18,2240.21
2007-01-19,2320.87
2007-01-22,2424.81
2007-01-23,2415.11
2007-01-24,2489.93
2007-01-25,2449.05
2007-01-26,2356.98
2007-01-29,2521.5
2007-01-30,2531.78
2007-01-31,2367.67
2007-02-01,2310.57
2007-02-02,2293.28
2007-02-05,2247.93
2007-02-06,2198.9
2007-02-07,2330.43
2007-02-08,2354.7
2007-02-09,2376.02
2007-02-12,2396.79
2007-02-13,2489.66
2007-02-14,2520.53
2007-02-15,2607.63
2007-02-16,2660.49
2007-02-26,2641.12
2007-02-27,2454.92
2007-02-28,2413.33
2007-03-01,2439.5
2007-03-02,2455.82
2007-03-05,2409.72
2007-03-06,2452.14
2007-03-07,2532.15
2007-03-08,2565.11
2007-03-09,2587.49
2007-03-12,2563.37
2007-03-13,2605.23
2007-03-14,2546.65
2007-03-15,2595.54
2007-03-16,2576.32
2007-03-19,2523.3
2007-03-20,2645.25
2007-03-21,2666.89
2007-03-22,2702.41
2007-03-23,2653.79
2007-03-26,2713.93
2007-03-27,2753.02
2007-03-28,2689.11
2007-03-29,2782.93
2007-03-30,2753.15
2007-04-02,2793.96
2007-04-03,2852.57
2007-04-04,2875.69
2007-04-05,2895.42
2007-04-06,2911.05
2007-04-09,2988.38
2007-04-10,2993.11
2007-04-11,3059.28
2007-04-12,3114.91
2007-04-13,3154.11
2007-04-16,3177.29
2007-04-17,3182.95
2007-04-18,3244.93
2007-04-19,3065.28
2007-04-20,3165.67
2007-04-23,3330.8
2007-04-24,3418.3
2007-04-25,3376.08
2007-04-26,3438.88
2007-04-27,3436.0
2007-04-30,3478.93
2007-05-08,3618.78
2007-05-09,3556.61
2007-05-10,3671.81
2007-05-11,3629.71
2007-05-14,3620.86
2007-05-15,3600.21
2007-05-16,3557.2
2007-05-17,3705.27
2007-05-18,3746.24
2007-05-21,3643.08
2007-05-22,3849.04
2007-05-23,3853.91
2007-05-24,3858.51
2007-05-25,3888.31
2007-05-28,4027.36
2007-05-29,4079.87
2007-05-30,3849.7
2007-05-31,3683.56
2007-06-01,3780.03
2007-06-04,3503.94
2007-06-05,3246.73
2007-06-06,3550.74
2007-06-07,3684.46
2007-06-08,3769.15
2007-06-11,3870.23
2007-06-12,3834.02
2007-06-13,4064.15
2007-06-14,4022.78
2007-06-15,4025.1
2007-06-18,4177.19
2007-06-19,4186.18
2007-06-20,4138.33
2007-06-21,4110.96
2007-06-22,3970.35
2007-06-25,3850.84
2007-06-26,3752.93
2007-06-27,3912.2
2007-06-28,3857.85
2007-06-29,3718.16
2007-07-02,3644.19
2007-07-03,3744.01
2007-07-04,3727.56
2007-07-05,3535.04
2007-07-06,3475.27
2007-07-09,3722.23
2007-07-10,3764.25
2007-07-11,3732.29
2007-07-12,3780.03
2007-07-13,3773.93
2007-07-16,3697.22
2007-07-17,3650.25
2007-07-18,3756.7
2007-07-19,3778.51
2007-07-20,3808.08
2007-07-23,4009.06
2007-07-24,4143.59
2007-07-25,4163.35
2007-07-26,4244.08
2007-07-27,4225.03
2007-07-30,4303.73
2007-07-31,4359.59
2007-08-01,4271.06
2007-08-02,4303.98
2007-08-03,4472.89
2007-08-06,4623.49
2007-08-07,4634.87
2007-08-08,4579.4
2007-08-09,4666.2
2007-08-10,4631.04
2007-08-13,4663.2
2007-08-14,4704.15
2007-08-15,4697.97
2007-08-16,4665.21
2007-08-17,4616.97
2007-08-20,4747.27
2007-08-21,4909.84
2007-08-22,4887.14
2007-08-23,5028.12
2007-08-24,5158.03
2007-08-27,5191.28
2007-08-28,5136.61
2007-08-29,5138.34
2007-08-30,5176.0
2007-08-31,5219.99
2007-09-03,5335.05
2007-09-04,5333.49
2007-09-05,5265.06
2007-09-06,5365.5
2007-09-07,5284.65
2007-09-10,5182.1
2007-09-11,5104.35
2007-09-12,5059.46
2007-09-13,5212.03
2007-09-14,5274.22
2007-09-17,5387.68
2007-09-18,5405.18
2007-09-19,5385.42
2007-09-20,5430.31
2007-09-21,5357.5
2007-09-24,5400.68
2007-09-25,5423.52
2007-09-26,5338.31
2007-09-27,5338.04
2007-09-28,5479.85
2007-10-08,5617.1
2007-10-09,5582.77
2007-10-10,5653.79
2007-10-11,5650.1
2007-10-12,5485.56
2007-10-15,5690.07
2007-10-16,5815.61
2007-10-17,5797.61
2007-10-18,5593.99
2007-10-19,5563.78
2007-10-22,5465.85
2007-10-23,5373.05
2007-10-24,5553.33
2007-10-25,5312.85
2007-10-26,5266.37
2007-10-29,5428.68
2007-10-30,5467.52
2007-10-31,5590.54
2007-11-01,5604.79
2007-11-02,5448.99
2007-11-05,5333.38
2007-11-06,5295.79
2007-11-07,5231.61
2007-11-08,5090.96
2007-11-09,4962.3
2007-11-12,4795.43
2007-11-13,4866.16
2007-11-14,4924.82
2007-11-15,5069.52
2007-11-16,4917.49
2007-11-19,4968.73
2007-11-20,4916.47
2007-11-21,4993.29
2007-11-22,4759.91
2007-11-23,4711.79
2007-11-26,4795.35
2007-11-27,4708.8
2007-11-28,4619.51
2007-11-29,4637.48
2007-11-30,4723.79
2007-12-03,4689.52
2007-12-04,4786.64
2007-12-05,4815.61
2007-12-06,4928.13
2007-12-07,4977.87
2007-12-10,4944.83
2007-12-11,5068.03
2007-12-12,5033.72
2007-12-13,4881.34
2007-12-14,4800.24
2007-12-17,4855.17
2007-12-18,4799.0
2007-12-19,4865.35
2007-12-20,4935.4
2007-12-21,5014.7
2007-12-24,5129.6
2007-12-25,5180.59
2007-12-26,5194.75
2007-12-27,5260.1
2007-12-28,5323.82
2008-01-02,5283.45
2008-01-03,5315.95
2008-01-04,5422.46
2008-01-07,5455.5
2008-01-08,5485.23
2008-01-09,5490.31
2008-01-10,5602.59
2008-01-11,5629.64
2008-01-14,5679.29
2008-01-15,5652.04
2008-01-16,5498.39
2008-01-17,5226.64
2008-01-18,5307.5
2008-01-21,5122.46
2008-01-22,4708.39
2008-01-23,4751.5
2008-01-24,4926.37
2008-01-25,4966.52
2008-01-28,4711.28
2008-01-29,4688.73
2008-01-30,4606.14
2008-01-31,4614.28
2008-02-01,4414.12
2008-02-04,4695.55
2008-02-05,4878.12
2008-02-13,4785.8
2008-02-14,4842.85
2008-02-15,4742.1
2008-02-18,4845.31
2008-02-19,4885.69
2008-02-20,4901.66
2008-02-21,4796.1
2008-02-22,4649.81
2008-02-25,4510.69
2008-02-26,4394.59
2008-02-27,4500.89
2008-02-28,4582.82
2008-02-29,4597.63
2008-03-03,4611.7
2008-03-04,4657.38
2008-03-05,4519.74
2008-03-06,4592.62
2008-03-07,4597.01
2008-03-10,4406.23
2008-03-11,4315.18
2008-03-12,4308.35
2008-03-13,4121.27
2008-03-14,4092.79
2008-03-17,3958.29
2008-03-18,3700.35
2008-03-19,3776.3
2008-03-20,3658.04
2008-03-21,3958.97
2008-03-24,3857.09
2008-03-25,3747.02
2008-03-26,3888.02
2008-03-27,3745.88
2008-03-28,3661.38
2008-03-31,3780.12
2008-04-01,3566.21
2008-04-02,3493.18
2008-04-03,3457.62
2008-04-07,3578.38
2008-04-08,3820.1
2008-04-09,3687.6
2008-04-10,3608.32
2008-04-11,3755.01
2008-04-14,3525.19
2008-04-15,3417.25
2008-04-16,3483.19
2008-04-17,3340.88
2008-04-18,3248.53
2008-04-21,3223.89
2008-04-22,3122.39
2008-04-23,3245.3
2008-04-24,3659.73
2008-04-25,3737.98
2008-04-28,3711.19
2008-04-29,3702.02
2008-04-30,3793.85
2008-05-05,3972.56
2008-05-06,3961.34
2008-05-07,3821.11
2008-05-08,3761.28
2008-05-09,3806.52
2008-05-12,3766.58
2008-05-13,3778.72
2008-05-14,3843.47
2008-05-15,3948.06
2008-05-16,3882.9
2008-05-19,3865.5
2008-05-20,3698.55
2008-05-21,3591.57
2008-05-22,3704.16
2008-05-23,3629.01
2008-05-26,3555.76
2008-05-27,3533.47
2008-05-28,3561.73
2008-05-29,3578.73
2008-05-30,3552.66
2008-06-02,3580.58
2008-06-03,3585.12
2008-06-04,3513.64
2008-06-05,3487.79
2008-06-06,3470.56
2008-06-10,3188.8
2008-06-11,3097.4
2008-06-12,3022.88
2008-06-13,2975.66
2008-06-16,2900.07
2008-06-17,2820.64
2008-06-18,2759.11
2008-06-19,2768.23
2008-06-20,2691.87
2008-06-23,2771.36
2008-06-24,2770.99
2008-06-25,2834.95
2008-06-26,2922.79
2008-06-27,2787.25
2008-06-30,2747.61
2008-07-01,2690.18
2008-07-02,2670.06
2008-07-03,2617.26
2008-07-04,2716.02
2008-07-07,2747.61
2008-07-08,2841.07
2008-07-09,2927.0
2008-07-10,2950.2
2008-07-11,2913.87
2008-07-14,2917.02
2008-07-15,2849.2
2008-07-16,2702.66
2008-07-17,2705.81
2008-07-18,2690.07
2008-07-21,2780.28
2008-07-22,2890.25
2008-07-23,2879.19
2008-07-24,2902.98
2008-07-25,2916.68
2008-07-28,2946.49
2008-07-29,2881.05
2008-07-30,2866.03
2008-07-31,2804.7
2008-08-01,2748.75
2008-08-04,2767.53
2008-08-05,2695.37
2008-08-06,2679.66
2008-08-07,2683.41
2008-08-08,2581.81
2008-08-11,2442.79
2008-08-12,2413.6
2008-08-13,2369.58
2008-08-14,2410.49
2008-08-15,2412.95
2008-08-18,2312.95
2008-08-19,2273.89
2008-08-20,2312.18
2008-08-21,2438.86
2008-08-22,2362.63
2008-08-25,2373.76
2008-08-26,2306.94
2008-08-27,2291.35
2008-08-28,2316.68
2008-08-29,2339.52
2008-09-01,2297.02
2008-09-02,2268.0
2008-09-03,2219.56
2008-09-04,2216.11
2008-09-05,2172.94
2008-09-08,2119.12
2008-09-09,2111.4
2008-09-10,2099.23
2008-09-11,2067.25
2008-09-12,2066.44
2008-09-16,1987.3
2008-09-17,1923.55
2008-09-18,1804.77
2008-09-19,2046.22
2008-09-22,2130.31
2008-09-23,2118.92
2008-09-24,2050.97
2008-09-25,2139.62
2008-09-26,2192.13
2008-10-06,2128.27
2008-10-07,2024.65
2008-10-08,2000.52
2008-10-09,1993.01
2008-10-10,1881.67
2008-10-13,1841.53
2008-10-14,1934.46
2008-10-15,1892.02
2008-10-16,1818.93
2008-10-17,1805.67
2008-10-20,1802.09
2008-10-21,1880.52
2008-10-22,1832.45
2008-10-23,1779.13
2008-10-24,1769.11
2008-10-27,1652.79
2008-10-28,1607.67
2008-10-29,1657.65
2008-10-30,1646.34
2008-10-31,1655.09
2008-11-03,1643.42
2008-11-04,1606.73
2008-11-05,1641.26
2008-11-06,1638.34
2008-11-07,1612.74
2008-11-10,1714.12
2008-11-11,1778.33
2008-11-12,1754.29
2008-11-13,1765.64
2008-11-14,1874.93
2008-11-17,1919.97
2008-11-18,1831.76
2008-11-19,1823.27
2008-11-20,1900.27
2008-11-21,1835.09
2008-11-24,1835.86
2008-11-25,1801.56
2008-11-26,1815.02
2008-11-27,1870.05
2008-11-28,1815.45
2008-12-01,1799.84
2008-12-02,1814.9
2008-12-03,1884.6
2008-12-04,1978.14
2008-12-05,1965.09
2008-12-08,2033.98
2008-12-09,2038.07
2008-12-10,2014.28
2008-12-11,2043.62
2008-12-12,1936.28
2008-12-15,1941.05
2008-12-16,1919.87
2008-12-17,1995.65
2008-12-18,1982.43
2008-12-19,2033.11
2008-12-22,1993.33
2008-12-23,1918.43
2008-12-24,1872.65
2008-12-25,1848.71
2008-12-26,1850.5
2008-12-29,1816.06
2008-12-30,1824.53
2008-12-31,1813.73
2009-01-05,1837.84
2009-01-06,1873.01
2009-01-07,1930.87
2009-01-08,1873.65
2009-01-09,1886.49
2009-01-12,1905.62
2009-01-13,1874.97
2009-01-14,1873.63
2009-01-15,1930.3
2009-01-16,1965.44
2009-01-19,1993.95
2009-01-20,1986.06
2009-01-21,1988.24
2009-01-22,2012.74
2009-01-23,2025.19
2009-02-02,2029.72
2009-02-03,2049.89
2009-02-04,2117.02
2009-02-05,2135.67
2009-02-06,2158.08
2009-02-09,2257.49
2009-02-10,2263.53
2009-02-11,2275.57
2009-02-12,2248.48
2009-02-13,2307.09
2009-02-16,2397.18
2009-02-17,2384.79
2009-02-18,2272.5
2009-02-19,2259.59
2009-02-20,2276.3
2009-02-23,2307.92
2009-02-24,2294.52
2009-02-25,2226.44
2009-02-26,2167.15
2009-02-27,2117.06
2009-03-02,2112.34
2009-03-03,2100.64
2009-03-04,2150.24
2009-03-05,2259.8
2009-03-06,2255.82
2009-03-09,2198.54
2009-03-10,2168.32
2009-03-11,2212.88
2009-03-12,2156.6
2009-03-13,2200.97
2009-03-16,2180.05
2009-03-17,2239.67
2009-03-18,2328.86
2009-03-19,2331.26
2009-03-20,2343.27
2009-03-23,2375.52
2009-03-24,2440.53
2009-03-25,2401.05
2009-03-26,2379.95
2009-03-27,2481.69
2009-03-30,2471.37
2009-03-31,2423.57
2009-04-01,2519.89
2009-04-02,2558.26
2009-04-03,2555.61
2009-04-07,2543.65
2009-04-08,2479.35
2009-04-09,2457.42
2009-04-10,2530.62
2009-04-13,2619.37
2009-04-14,2637.38
2009-04-15,2627.81
2009-04-16,2643.32
2009-04-17,2628.63
2009-04-20,2640.99
2009-04-21,2634.53
2009-04-22,2563.36
2009-04-23,2543.91
2009-04-24,2570.38
2009-04-27,2499.44
2009-04-28,2485.8
2009-04-29,2514.14
2009-04-30,2604.45
2009-05-04,2632.3
2009-05-05,2713.23
2009-05-06,2713.54
2009-05-07,2731.8
2009-05-08,2733.33
2009-05-11,2725.27
2009-05-12,2699.95
2009-05-13,2775.57
2009-05-14,2757.54
2009-05-15,2773.32
2009-05-18,2740.92
2009-05-19,2821.95
2009-05-20,2812.6
2009-05-21,2735.77
2009-05-22,2719.12
2009-05-25,2675.28
2009-05-26,2718.55
2009-05-27,2715.82
2009-06-01,2798.93
2009-06-02,2855.06
2009-06-03,2864.71
2009-06-04,2899.67
2009-06-05,2937.18
2009-06-08,2912.49
2009-06-09,2892.72
2009-06-10,2966.58
2009-06-11,2951.27
2009-06-12,2883.32
2009-06-15,2898.07
2009-06-16,2929.04
2009-06-17,2930.49
2009-06-18,3014.44
2009-06-19,3047.27
2009-06-22,3072.53
2009-06-23,3028.45
2009-06-24,3068.24
2009-06-25,3103.87
2009-06-26,3109.32
2009-06-29,3122.16
2009-06-30,3159.63
2009-07-01,3150.65
2009-07-02,3247.57
2009-07-03,3249.11
2009-07-06,3333.1
2009-07-07,3327.35
2009-07-08,3261.32
2009-07-09,3334.68
2009-07-10,3375.97
2009-07-13,3358.52
2009-07-14,3375.87
2009-07-15,3467.13
2009-07-16,3489.56
2009-07-17,3482.87
2009-07-20,3515.53
2009-07-21,3533.16
2009-07-22,3532.38
2009-07-23,3596.36
2009-07-24,3591.88
2009-07-27,3669.51
2009-07-28,3705.04
2009-07-29,3453.64
2009-07-30,3511.29
2009-07-31,3635.55
2009-08-03,3716.57
2009-08-04,3712.43
2009-08-05,3691.98
2009-08-06,3602.57
2009-08-07,3539.7
2009-08-10,3485.36
2009-08-11,3509.72
2009-08-12,3390.36
2009-08-13,3338.85
2009-08-14,3334.73
2009-08-17,3137.48
2009-08-18,3083.2
2009-08-19,2982.22
2009-08-20,3021.25
2009-08-21,3113.7
2009-08-24,3178.86
2009-08-25,3019.12
2009-08-26,3065.46
2009-08-27,3116.89
2009-08-28,3030.73
2009-08-31,2825.77
2009-09-01,2795.49
2009-09-02,2813.62
2009-09-03,2892.65
2009-09-04,3038.99
2009-09-07,3078.13
2009-09-08,3047.3
2009-09-09,3143.74
2009-09-10,3150.17
2009-09-11,3152.69
2009-09-14,3240.53
2009-09-15,3264.95
2009-09-16,3212.45
2009-09-17,3274.58
2009-09-18,3170.96
2009-09-21,3090.61
2009-09-22,3131.02
2009-09-23,3041.42
2009-09-24,2989.24
2009-09-25,3028.41
2009-09-28,2959.74
2009-09-29,2923.93
2009-09-30,2988.29
2009-10-09,3071.27
2009-10-12,3151.26
2009-10-13,3140.5
2009-10-14,3204.31
2009-10-15,3227.09
2009-10-16,3188.43
2009-10-19,3231.81
2009-10-20,3343.02
2009-10-21,3358.55
2009-10-22,3341.42
2009-10-23,3354.98
2009-10-26,3385.44
2009-10-27,3314.32
2009-10-28,3258.27
2009-10-29,3239.0
2009-10-30,3276.32
2009-11-02,3198.31
2009-11-03,3397.25
2009-11-04,3415.22
2009-11-05,3432.26
2009-11-06,3474.36
2009-11-09,3452.61
2009-11-10,3501.5
2009-11-11,3468.86
2009-11-12,3487.68
2009-11-13,3445.36
2009-11-16,3541.05
2009-11-17,3619.99
2009-11-18,3612.79
2009-11-19,3604.61
2009-11-20,3597.31
2009-11-23,3628.2
2009-11-24,3538.86
2009-11-25,3508.06
2009-11-26,3472.95
2009-11-27,3367.29
2009-11-30,3415.08
2009-12-01,3485.52
2009-12-02,3570.29
2009-12-03,3551.48
2009-12-04,3530.06
2009-12-07,3633.45
2009-12-08,3590.94
2009-12-09,3543.42
2009-12-10,3544.9
2009-12-11,3568.51
2009-12-14,3495.64
2009-12-15,3578.28
2009-12-16,3550.67
2009-12-17,3475.84
2009-12-18,3385.68
2009-12-21,3354.65
2009-12-22,3296.76
2009-12-23,3296.29
2009-12-24,3339.3
2009-12-25,3410.67
2009-12-28,3432.82
2009-12-29,3451.18
2009-12-30,3498.38
2009-12-31,3542.38
2010-01-04,3535.23
2010-01-05,3497.66
2010-01-06,3541.17
2010-01-07,3452.77
2010-01-08,3426.7
2010-01-11,3465.32
2010-01-12,3437.66
2010-01-13,3415.69
2010-01-14,3411.81
2010-01-15,3448.66
2010-01-18,3458.04
2010-01-19,3497.09
2010-01-20,3387.82
2010-01-21,3364.72
2010-01-22,3293.19
2010-01-25,3326.27
2010-01-26,3222.14
2010-01-27,3183.36
2010-01-28,3168.46
2010-01-29,3176.92
2010-02-01,3116.44
2010-02-02,3143.08
2010-02-03,3094.57
2010-02-04,3190.44
2010-02-05,3129.92
2010-02-08,3133.81
2010-02-09,3144.48
2010-02-10,3182.83
2010-02-11,3207.17
2010-02-12,3228.74
2010-02-22,3232.78
2010-02-23,3152.93
2010-02-24,3165.13
2010-02-25,3249.33
2010-02-26,3273.69
2010-03-01,3287.56
2010-03-02,3299.69
2010-03-03,3293.92
2010-03-04,3244.98
2010-03-05,3239.68
2010-03-08,3258.03
2010-03-09,3255.98
2010-03-10,3267.76
2010-03-11,3251.7
2010-03-12,3232.12
2010-03-15,3171.8
2010-03-16,3169.1
2010-03-17,3207.27
2010-03-18,3256.59
2010-03-19,3251.14
2010-03-22,3288.51
2010-03-23,3272.92
2010-03-24,3271.03
2010-03-25,3222.82
2010-03-26,3220.59
2010-03-29,3293.67
2010-03-30,3350.31
2010-03-31,3338.75
2010-04-01,3349.88
2010-04-02,3391.81
2010-04-06,3386.89
2010-04-07,3369.02
2010-04-08,3336.16
2010-04-09,3342.47
2010-04-12,3330.3
2010-04-13,3324.05
2010-04-14,3377.44
2010-04-15,3365.88
2010-04-16,3348.78
2010-04-19,3175.44
2010-04-20,3130.96
2010-04-21,3164.76
2010-04-22,3177.73
2010-04-23,3172.58
2010-04-26,3168.37
2010-04-27,3060.85
2010-04-28,3062.08
2010-04-29,3059.8
2010-04-30,3014.07
2010-05-04,2994.92
2010-05-05,2943.36
2010-05-06,2895.39
2010-05-07,2817.15
2010-05-10,2798.52
2010-05-11,2790.7
2010-05-12,2756.42
2010-05-13,2811.66
2010-05-14,2849.24
2010-05-17,2712.44
2010-05-18,2686.97
2010-05-19,2723.3
2010-05-20,2721.07
2010-05-21,2647.6
2010-05-24,2787.75
2010-05-25,2798.02
2010-05-26,2797.63
2010-05-27,2771.59
2010-05-28,2835.07
2010-05-31,2772.79
2010-06-01,2710.59
2010-06-02,2700.07
2010-06-03,2735.7
2010-06-04,2713.09
2010-06-07,2673.34
2010-06-08,2672.06
2010-06-09,2687.33
2010-06-10,2746.11
2010-06-11,2755.95
2010-06-17,2742.64
2010-06-18,2686.61
2010-06-21,2686.32
2010-06-22,2766.44
2010-06-23,2734.05
2010-06-24,2739.81
2010-06-25,2715.66
2010-06-28,2710.09
2010-06-29,2591.69
2010-06-30,2546.84
2010-07-01,2524.57
2010-07-02,2462.2
2010-07-05,2476.49
2010-07-06,2502.93
2010-07-07,2548.56
2010-07-08,2564.64
2010-07-09,2557.26
2010-07-12,2636.65
2010-07-13,2618.34
2010-07-14,2640.54
2010-07-15,2607.79
2010-07-16,2573.79
2010-07-19,2585.01
2010-07-20,2685.46
2010-07-21,2733.72
2010-07-22,2734.07
2010-07-23,2769.44
2010-07-26,2775.78
2010-07-27,2785.37
2010-07-28,2784.16
2010-07-29,2852.0
2010-07-30,2844.68
2010-08-02,2867.45
2010-08-03,2865.76
2010-08-04,2818.25
2010-08-05,2833.67
2010-08-06,2821.03
2010-08-09,2888.04
2010-08-10,2832.08
2010-08-11,2823.15
2010-08-12,2810.1
2010-08-13,2799.22
2010-08-16,2843.02
2010-08-17,2917.83
2010-08-18,2924.67
2010-08-19,2928.01
2010-08-20,2892.64
2010-08-23,2886.66
2010-08-24,2866.8
2010-08-25,2842.25
2010-08-26,2836.13
2010-08-27,2833.42
2010-08-30,2872.92
2010-08-31,2889.81
2010-09-01,2859.17
2010-09-02,2903.03
2010-09-03,2891.88
2010-09-06,2935.89
2010-09-07,2959.9
2010-09-08,2953.84
2010-09-09,2922.2
2010-09-10,2890.03
2010-09-13,2925.42
2010-09-14,2954.51
2010-09-15,2905.63
2010-09-16,2834.03
2010-09-17,2847.68
2010-09-20,2829.76
2010-09-21,2844.13
2010-09-27,2864.21
2010-09-28,2875.66
2010-09-29,2866.85
2010-09-30,2857.42
2010-10-08,2963.24
2010-10-11,3069.19
2010-10-12,3106.22
2010-10-13,3165.58
2010-10-14,3215.03
2010-10-15,3199.12
2010-10-18,3288.78
2010-10-19,3280.0
2010-10-20,3301.01
2010-10-21,3344.96
2010-10-22,3346.11
2010-10-25,3366.43
2010-10-26,3436.46
2010-10-27,3398.09
2010-10-28,3371.44
2010-10-29,3351.6
2010-11-01,3390.41
2010-11-02,3449.72
2010-11-03,3419.08
2010-11-04,3419.64
2010-11-05,3498.28
2010-11-08,3506.38
2010-11-09,3498.62
2010-11-10,3470.97
2010-11-11,3484.89
2010-11-12,3284.35
2010-11-15,3241.76
2010-11-16,3155.48
2010-11-17,3087.51
2010-11-18,3097.39
2010-11-19,3076.21
2010-11-22,3137.75
2010-11-23,3061.62
2010-11-24,3088.99
2010-11-25,3172.28
2010-11-26,3170.36
2010-11-29,3159.46
2010-11-30,3060.44
2010-12-01,3111.65
2010-12-02,3154.32
2010-12-03,3134.42
2010-12-06,3140.55
2010-12-07,3112.22
2010-12-08,3166.77
2010-12-09,3122.2
2010-12-10,3101.08
2010-12-13,3173.56
2010-12-14,3254.18
2010-12-15,3242.52
2010-12-16,3224.12
2010-12-17,3212.58
2010-12-20,3118.0
2010-12-21,3168.89
2010-12-22,3201.67
2010-12-23,3183.15
2010-12-24,3139.45
2010-12-27,3092.26
2010-12-28,3041.33
2010-12-29,3025.22
2010-12-30,3027.9
2010-12-31,3067.11
2011-01-04,3143.6
2011-01-05,3158.87
2011-01-06,3152.57
2011-01-07,3141.13
2011-01-10,3102.43
2011-01-11,3084.51
2011-01-12,3099.41
2011-01-13,3127.16
2011-01-14,3083.51
2011-01-17,2968.61
2011-01-18,2947.6
2011-01-19,2967.24
2011-01-20,2944.5
2011-01-21,2935.14
2011-01-24,2943.92
2011-01-25,2919.16
2011-01-26,2939.36
2011-01-27,2935.27
2011-01-28,3011.38
2011-01-31,3032.45
2011-02-01,3062.83
2011-02-09,3031.75
2011-02-10,3024.35
2011-02-11,3092.58
2011-02-14,3123.25
2011-02-15,3215.62
2011-02-16,3195.47
2011-02-17,3218.91
2011-02-18,3203.12
2011-02-21,3189.85
2011-02-22,3161.83
2011-02-23,3145.99
2011-02-24,3157.97
2011-02-25,3159.85
2011-02-28,3178.83
2011-03-01,3235.75
2011-03-02,3202.83
2011-03-03,3221.04
2011-03-04,3217.48
2011-03-07,3287.41
2011-03-08,3311.72
2011-03-09,3322.7
2011-03-10,3279.33
2011-03-11,3240.18
2011-03-14,3230.11
2011-03-15,3147.96
2011-03-16,3202.93
2011-03-17,3185.08
2011-03-18,3205.14
2011-03-21,3194.15
2011-03-22,3175.93
2011-03-23,3216.65
2011-03-24,3250.02
2011-03-25,3254.68
2011-03-28,3286.86
2011-03-29,3256.34
2011-03-30,3233.11
2011-03-31,3210.17
2011-04-01,3220.91
2011-04-06,3268.76
2011-04-07,3302.82
2011-04-08,3314.09
2011-04-11,3331.17
2011-04-12,3307.48
2011-04-13,3296.51
2011-04-14,3347.49
2011-04-15,3323.56
2011-04-18,3335.6
2011-04-19,3290.74
2011-04-20,3281.83
2011-04-21,3301.94
2011-04-22,3291.64
2011-04-25,3247.69
2011-04-26,3216.21
2011-04-27,3189.04
2011-04-28,3160.41
2011-04-29,3147.14
2011-05-03,3164.93
2011-05-04,3120.96
2011-05-05,3105.85
2011-05-06,3083.91
2011-05-09,3118.14
2011-05-10,3121.75
2011-05-11,3127.49
2011-05-12,3101.14
2011-05-13,3080.19
2011-05-16,3098.78
2011-05-17,3076.95
2011-05-18,3106.55
2011-05-19,3118.62
2011-05-20,3113.27
2011-05-23,3021.45
2011-05-24,2999.89
2011-05-25,2988.09
2011-05-26,2977.6
2011-05-27,2962.07
2011-05-30,2942.36
2011-05-31,2946.15
2011-06-01,2985.71
2011-06-02,2923.02
2011-06-03,2951.2
2011-06-07,2974.36
2011-06-08,2965.92
2011-06-09,2951.89
2011-06-10,2925.87
2011-06-13,2921.75
2011-06-14,2943.53
2011-06-15,2963.11
2011-06-16,2915.4
2011-06-17,2891.01
2011-06-20,2862.41
2011-06-21,2877.05
2011-06-22,2894.18
2011-06-23,2888.68
2011-06-24,2944.05
2011-06-27,3019.24
2011-06-28,3014.0
2011-06-29,2999.95
2011-06-30,3003.23
2011-07-01,3034.07
2011-07-04,3064.94
2011-07-05,3105.09
2011-07-06,3084.83
2011-07-07,3101.1
2011-07-08,3093.37
2011-07-11,3086.26
2011-07-12,3054.8
2011-07-13,3060.42
2011-07-14,3092.47
2011-07-15,3097.34
2011-07-18,3113.67
2011-07-19,3088.38
2011-07-20,3071.85
2011-07-21,3058.25
2011-07-22,3059.6
2011-07-25,2958.88
2011-07-26,2957.61
2011-07-27,2951.52
2011-07-28,2956.71
2011-07-29,2948.08
2011-08-01,2958.83
2011-08-02,2919.01
2011-08-03,2927.1
2011-08-04,2951.84
2011-08-05,2868.16
2011-08-08,2747.97
2011-08-09,2697.06
2011-08-10,2820.12
2011-08-11,2777.76
2011-08-12,2868.87
2011-08-15,2870.19
2011-08-16,2888.33
2011-08-17,2881.63
2011-08-18,2832.27
2011-08-19,2782.56
2011-08-22,2768.42
2011-08-23,2777.29
2011-08-24,2804.82
2011-08-25,2815.91
2011-08-26,2876.83
2011-08-29,2847.48
2011-08-30,2838.33
2011-08-31,2823.77
2011-09-01,2825.96
2011-09-02,2790.77
2011-09-05,2743.38
2011-09-06,2711.07
2011-09-07,2730.06
2011-09-08,2755.8
2011-09-09,2739.62
2011-09-13,2698.66
2011-09-14,2677.13
2011-09-15,2728.91
2011-09-16,2729.0
2011-09-19,2678.8
2011-09-20,2664.1
2011-09-21,2677.35
2011-09-22,2684.94
2011-09-23,2631.43
2011-09-26,2603.11
2011-09-27,2613.42
2011-09-28,2602.63
2011-09-29,2577.29
2011-09-30,2572.19
2011-10-10,2552.28
2011-10-11,2526.65
2011-10-12,2523.34
2011-10-13,2629.41
2011-10-14,2629.88
2011-10-17,2653.38
2011-10-18,2589.21
2011-10-19,2580.66
2011-10-20,2500.49
2011-10-21,2504.69
2011-10-24,2501.96
2011-10-25,2560.05
2011-10-26,2611.01
2011-10-27,2647.3
2011-10-28,2689.38
2011-10-31,2680.99
2011-11-01,2669.05
2011-11-02,2653.72
2011-11-03,2743.2
2011-11-04,2748.98
2011-11-07,2733.17
2011-11-08,2723.69
2011-11-09,2710.05
2011-11-10,2698.31
2011-11-11,2685.1
2011-11-14,2714.86
2011-11-15,2732.91
2011-11-16,2659.15
2011-11-17,2660.65
2011-11-18,2601.18
2011-11-21,2587.74
2011-11-22,2580.78
2011-11-23,2578.16
2011-11-24,2557.7
2011-11-25,2563.65
2011-11-28,2562.49
2011-11-29,2580.29
2011-11-30,2507.18
2011-12-01,2577.72
2011-12-02,2543.53
2011-12-05,2517.18
2011-12-06,2499.57
2011-12-07,2509.78
2011-12-08,2494.69
2011-12-09,2496.97
2011-12-12,2476.12
2011-12-13,2418.67
2011-12-14,2392.3
2011-12-15,2340.45
2011-12-16,2332.14
2011-12-19,2321.66
2011-12-20,2373.86
2011-12-21,2337.69
2011-12-22,2294.61
2011-12-23,2331.96
2011-12-26,2334.79
2011-12-27,2302.41
2011-12-28,2267.11
2011-12-29,2293.87
2011-12-30,2318.67
2012-01-04,2298.3
2012-01-05,2272.15
2012-01-06,2254.57
2012-01-09,2271.72
2012-01-10,2361.28
2012-01-11,2423.32
2012-01-12,2423.32
2012-01-13,2374.55
2012-01-16,2345.63
2012-01-17,2329.25
2012-01-18,2414.53
2012-01-19,2414.99
2012-01-20,2462.59
2012-01-30,2460.4
2012-01-31,2447.77
2012-02-01,2423.45
2012-02-02,2429.71
2012-02-03,2470.28
2012-02-06,2488.71
2012-02-07,2441.7
2012-02-08,2451.0
2012-02-09,2513.13
2012-02-10,2521.16
2012-02-13,2496.31
2012-02-14,2506.54
2012-02-15,2511.29
2012-02-16,2519.04
2012-02-17,2522.86
2012-02-20,2539.9
2012-02-21,2520.79
2012-02-22,2560.34
2012-02-23,2590.52
2012-02-24,2602.78
2012-02-27,2656.57
2012-02-28,2641.46
2012-02-29,2631.78
2012-03-01,2621.86
2012-03-02,2637.96
2012-03-05,2660.96
2012-03-06,2615.6
2012-03-07,2594.13
2012-03-08,2612.4
2012-03-09,2631.41
2012-03-12,2636.42
2012-03-13,2649.17
2012-03-14,2595.34
2012-03-15,2575.44
2012-03-16,2577.25
2012-03-19,2598.63
2012-03-20,2584.02
2012-03-21,2569.08
2012-03-22,2570.45
2012-03-23,2544.53
2012-03-26,2540.7
2012-03-27,2544.37
2012-03-28,2471.03
2012-03-29,2429.73
2012-03-30,2438.49
2012-04-05,2441.27
2012-04-06,2502.7
2012-04-09,2491.59
2012-04-10,2459.35
2012-04-11,2489.33
2012-04-12,2516.57
2012-04-13,2570.04
2012-04-16,2559.78
2012-04-17,2541.54
2012-04-18,2546.0
2012-04-19,2585.3
2012-04-20,2589.35
2012-04-23,2599.11
2012-04-24,2559.46
2012-04-25,2593.33
2012-04-26,2617.09
2012-04-27,2623.6
2012-05-02,2643.53
2012-05-03,2675.81
2012-05-04,2677.14
2012-05-07,2694.32
2012-05-08,2683.56
2012-05-09,2655.32
2012-05-10,2649.38
2012-05-11,2636.52
2012-05-14,2613.35
2012-05-15,2591.6
2012-05-16,2574.08
2012-05-17,2571.2
2012-05-18,2567.3
2012-05-21,2563.97
2012-05-22,2597.6
2012-05-23,2598.29
2012-05-24,2588.21
2012-05-25,2565.65
2012-05-28,2545.34
2012-05-29,2612.56
2012-05-30,2636.52
2012-05-31,2617.23
2012-06-01,2623.29
2012-06-04,2558.92
2012-06-05,2548.76
2012-06-06,2547.33
2012-06-07,2536.26
2012-06-08,2520.41
2012-06-11,2523.77
2012-06-12,2529.95
2012-06-13,2539.63
2012-06-14,2558.56
2012-06-15,2538.57
2012-06-18,2572.99
2012-06-19,2556.1
2012-06-20,2549.44
2012-06-21,2502.42
2012-06-25,2455.01
2012-06-26,2434.64
2012-06-27,2444.34
2012-06-28,2425.24
2012-06-29,2417.49
2012-07-02,2452.99
2012-07-03,2457.45
2012-07-04,2456.0
2012-07-05,2420.0
2012-07-06,2420.36
2012-07-09,2414.95
2012-07-10,2402.37
2012-07-11,2402.15
2012-07-12,2404.58
2012-07-13,2438.98
2012-07-16,2399.61
2012-07-17,2391.28
2012-07-18,2373.65
2012-07-19,2401.29
2012-07-20,2392.18
2012-07-23,2357.51
2012-07-24,2352.8
2012-07-25,2357.47
2012-07-26,2344.7
2012-07-27,2341.29
2012-07-30,2334.0
2012-07-31,2329.5
2012-08-01,2331.95
2012-08-02,2325.61
2012-08-03,2329.93
2012-08-06,2348.12
2012-08-07,2379.45
2012-08-08,2382.82
2012-08-09,2378.85
2012-08-10,2395.91
2012-08-13,2350.81
2012-08-14,2324.91
2012-08-15,2330.15
2012-08-16,2317.06
2012-08-17,2295.16
2012-08-20,2279.95
2012-08-21,2296.55
2012-08-22,2285.75
2012-08-23,2285.37
2012-08-24,2274.57
2012-08-27,2228.15
2012-08-28,2222.0
2012-08-29,2214.43
2012-08-30,2188.72
2012-08-31,2203.12
2012-09-03,2197.71
2012-09-04,2199.51
2012-09-05,2186.96
2012-09-06,2199.86
2012-09-07,2233.91
2012-09-10,2313.57
2012-09-11,2294.82
2012-09-12,2298.3
2012-09-13,2298.37
2012-09-14,2298.83
2012-09-17,2258.18
2012-09-18,2228.04
2012-09-19,2229.49
2012-09-20,2194.22
2012-09-21,2186.53
2012-09-24,2172.88
2012-09-25,2202.38
2012-09-26,2181.08
2012-09-27,2185.77
2012-09-28,2234.32
2012-10-08,2258.11
2012-10-09,2281.75
2012-10-10,2304.61
2012-10-11,2300.93
2012-10-12,2287.01
2012-10-15,2278.46
2012-10-16,2287.59
2012-10-17,2280.82
2012-10-18,2305.88
2012-10-19,2328.73
2012-10-22,2315.9
2012-10-23,2309.25
2012-10-24,2302.17
2012-10-25,2288.6
2012-10-26,2237.06
2012-10-29,2227.65
2012-10-30,2231.78
2012-10-31,2233.68
2012-11-01,2256.41
2012-11-02,2284.72
2012-11-05,2290.14
2012-11-06,2260.51
2012-11-07,2277.02
2012-11-08,2245.4
2012-11-09,2235.23
2012-11-12,2232.74
2012-11-13,2208.72
2012-11-14,2206.0
2012-11-15,2193.52
2012-11-16,2162.98
2012-11-19,2149.54
2012-11-20,2163.53
2012-11-21,2151.38
2012-11-22,2169.66
2012-11-23,2179.73
2012-11-26,2172.1
2012-11-27,2150.22
2012-11-28,2126.03
2012-11-29,2114.48
2012-11-30,2109.96
2012-12-03,2108.15
2012-12-04,2102.14
2012-12-05,2126.79
2012-12-06,2191.23
2012-12-07,2198.11
2012-12-10,2250.44
2012-12-11,2254.3
2012-12-12,2247.95
2012-12-13,2242.56
2012-12-14,2245.64
2012-12-17,2358.66
2012-12-18,2347.08
2012-12-19,2358.03
2012-12-20,2346.55
2012-12-21,2365.03
2012-12-24,2367.04
2012-12-25,2365.41
2012-12-26,2441.64
2012-12-27,2443.68
2012-12-28,2444.38
2012-12-31,2485.56
2013-01-04,2498.89
2013-01-07,2511.6
2013-01-08,2502.49
2013-01-09,2504.3
2013-01-10,2513.73
2013-01-11,2473.7
2013-01-14,2474.0
2013-01-15,2576.92
2013-01-16,2540.52
2013-01-17,2539.67
2013-01-18,2553.45
2013-01-21,2582.65
2013-01-22,2578.18
2013-01-23,2576.36
2013-01-24,2564.21
2013-01-25,2567.11
2013-01-28,2577.27
2013-01-29,2646.15
2013-01-30,2662.06
2013-01-31,2671.33
2013-02-01,2671.27
2013-02-04,2731.08
2013-02-05,2725.36
2013-02-06,2765.74
2013-02-07,2722.87
2013-02-08,2747.95
2013-02-18,2731.51
2013-02-19,2674.34
2013-02-20,2665.23
2013-02-21,2584.76
2013-02-22,2591.15
2013-02-25,2590.79
2013-02-26,2564.67
2013-02-27,2569.38
2013-02-28,2594.0
2013-03-01,2627.0
2013-03-04,2528.69
2013-03-05,2541.77
2013-03-06,2620.43
2013-03-07,2592.87
2013-03-08,2601.96
2013-03-11,2574.17
2013-03-12,2530.25
2013-03-13,2515.06
2013-03-14,2514.46
2013-03-15,2504.46
2013-03-18,2499.83
2013-03-19,2491.85
2013-03-20,2526.83
2013-03-21,2598.51
2013-03-22,2603.34
2013-03-25,2607.61
2013-03-26,2554.97
2013-03-27,2566.35
2013-03-28,2495.08
2013-03-29,2482.49
2013-04-01,2483.73
2013-04-02,2475.0
2013-04-03,2474.93
2013-04-08,2429.5
2013-04-09,2477.29
2013-04-10,2466.19
2013-04-11,2476.4
2013-04-12,2460.18
2013-04-15,2430.15
2013-04-16,2416.62
2013-04-17,2437.35
2013-04-18,2434.73
2013-04-19,2469.32
2013-04-22,2518.26
2013-04-23,2448.2
2013-04-24,2446.59
2013-04-25,2456.57
2013-04-26,2439.8
2013-05-02,2423.08
2013-05-03,2457.54
2013-05-06,2500.46
2013-05-07,2507.76
2013-05-08,2531.25
2013-05-09,2507.79
2013-05-10,2515.16
2013-05-13,2516.73
2013-05-14,2479.87
2013-05-15,2491.93
2013-05-16,2487.76
2013-05-17,2547.78
2013-05-20,2590.05
2013-05-21,2594.25
2013-05-22,2603.75
2013-05-23,2579.35
2013-05-24,2572.88
2013-05-27,2589.74
2013-05-28,2585.9
2013-05-29,2640.88
2013-05-30,2623.58
2013-05-31,2604.75
2013-06-03,2596.05
2013-06-04,2556.06
2013-06-05,2545.19
2013-06-06,2525.31
2013-06-07,2475.69
2013-06-13,2375.2
2013-06-14,2396.49
2013-06-17,2394.39
2013-06-18,2393.32
2013-06-19,2366.35
2013-06-20,2320.23
2013-06-21,2269.57
2013-06-24,2164.32
2013-06-25,2023.17
2013-06-26,2131.86
2013-06-27,2153.17
2013-06-28,2139.37
2013-07-01,2166.35
2013-07-02,2191.8
2013-07-03,2169.14
2013-07-04,2176.08
2013-07-05,2225.05
2013-07-08,2162.19
2013-07-09,2149.79
2013-07-10,2157.47
2013-07-11,2232.16
2013-07-12,2274.07
2013-07-15,2274.67
2013-07-16,2281.94
2013-07-17,2281.61
2013-07-18,2241.93
2013-07-19,2188.75
2013-07-22,2159.81
2013-07-23,2206.76
2013-07-24,2217.19
2013-07-25,2227.85
2013-07-26,2209.81
2013-07-29,2169.02
2013-07-30,2162.98
2013-07-31,2187.21
2013-08-01,2200.63
2013-08-02,2244.25
2013-08-05,2243.22
2013-08-06,2256.72
2013-08-07,2276.86
2013-08-08,2267.07
2013-08-09,2258.33
2013-08-12,2293.18
2013-08-13,2340.73
2013-08-14,2340.83
2013-08-15,2319.78
2013-08-16,2295.02
2013-08-19,2284.08
2013-08-20,2303.67
2013-08-21,2291.05
2013-08-22,2297.02
2013-08-23,2251.92
2013-08-26,2288.5
2013-08-27,2322.46
2013-08-28,2307.04
2013-08-29,2308.15
2013-08-30,2303.61
2013-09-02,2297.45
2013-09-03,2321.3
2013-09-04,2345.44
2013-09-05,2336.75
2013-09-06,2335.93
2013-09-09,2372.69
2013-09-10,2435.83
2013-09-11,2471.62
2013-09-12,2469.72
2013-09-13,2481.45
2013-09-16,2467.13
2013-09-17,2426.46
2013-09-18,2407.24
2013-09-23,2439.99
2013-09-24,2420.09
2013-09-25,2423.28
2013-09-26,2382.54
2013-09-27,2379.86
2013-09-30,2397.22
2013-10-08,2392.57
2013-10-09,2424.77
2013-10-10,2422.02
2013-10-11,2439.63
2013-10-14,2462.55
2013-10-15,2449.42
2013-10-16,2409.72
2013-10-17,2407.78
2013-10-18,2410.6
2013-10-21,2423.56
2013-10-22,2439.86
2013-10-23,2412.48
2013-10-24,2395.47
2013-10-25,2353.99
2013-10-28,2351.86
2013-10-29,2327.9
2013-10-30,2365.51
2013-10-31,2370.23
2013-11-01,2365.15
2013-11-04,2376.36
2013-11-05,2343.8
2013-11-06,2352.79
2013-11-07,2328.25
2013-11-08,2306.04
2013-11-11,2295.0
2013-11-12,2316.6
2013-11-13,2287.55
2013-11-14,2279.01
2013-11-15,2306.55
2013-11-18,2361.04
2013-11-19,2405.08
2013-11-20,2406.42
2013-11-21,2382.88
2013-11-22,2393.58
2013-11-25,2380.69
2013-11-26,2380.41
2013-11-27,2383.78
2013-11-28,2417.24
2013-11-29,2432.39
2013-12-02,2397.01
2013-12-03,2406.66
2013-12-04,2434.69
2013-12-05,2460.58
2013-12-06,2445.62
2013-12-09,2445.94
2013-12-10,2444.53
2013-12-11,2400.74
2013-12-12,2402.77
2013-12-13,2386.25
2013-12-16,2367.43
2013-12-17,2351.18
2013-12-18,2350.45
2013-12-19,2331.19
2013-12-20,2278.1
2013-12-23,2259.57
2013-12-24,2270.24
2013-12-25,2281.6
2013-12-26,2263.92
2013-12-27,2264.39
2013-12-30,2295.64
2013-12-31,2287.12
2014-01-02,2310.65
2014-01-03,2280.89
2014-01-06,2229.33
2014-01-07,2218.65
2014-01-08,2228.42
2014-01-09,2220.8
2014-01-10,2200.22
2014-01-13,2183.6
2014-01-14,2179.91
2014-01-15,2193.8
2014-01-16,2201.56
2014-01-17,2175.88
2014-01-20,2156.46
2014-01-21,2168.42
2014-01-22,2187.53
2014-01-23,2228.06
2014-01-24,2222.89
2014-01-27,2211.8
2014-01-28,2205.97
2014-01-29,2219.93
2014-01-30,2200.22
2014-02-07,2177.12
2014-02-10,2221.54
2014-02-11,2262.6
2014-02-12,2276.44
2014-02-13,2278.26
2014-02-14,2274.43
2014-02-17,2293.55
2014-02-18,2276.11
2014-02-19,2274.15
2014-02-20,2286.2
2014-02-21,2250.65
2014-02-24,2194.16
2014-02-25,2150.09
2014-02-26,2137.08
2014-02-27,2150.14
2014-02-28,2133.55
2014-03-03,2167.91
2014-03-04,2161.59
2014-03-05,2159.59
2014-03-06,2136.45
2014-03-07,2161.44
2014-03-10,2095.07
2014-03-11,2088.73
2014-03-12,2090.76
2014-03-13,2115.99
2014-03-14,2109.57
2014-03-17,2118.95
2014-03-18,2134.92
2014-03-19,2101.29
2014-03-20,2086.5
2014-03-21,2077.76
2014-03-24,2150.87
2014-03-25,2164.67
2014-03-26,2165.22
2014-03-27,2146.92
2014-03-28,2144.58
2014-03-31,2134.42
2014-04-01,2141.15
2014-04-02,2164.01
2014-04-03,2160.75
2014-04-04,2155.28
2014-04-08,2178.9
2014-04-09,2228.99
2014-04-10,2229.51
2014-04-11,2261.13
2014-04-14,2255.46
2014-04-15,2225.68
2014-04-16,2221.15
2014-04-17,2221.95
2014-04-18,2203.05
2014-04-21,2186.76
2014-04-22,2165.07
2014-04-23,2187.39
2014-04-24,2186.76
2014-04-25,2167.64
2014-04-28,2132.69
2014-04-29,2131.78
2014-04-30,2153.12
2014-05-05,2131.23
2014-05-06,2150.11
2014-05-07,2136.99
2014-05-08,2128.32
2014-05-09,2120.6
2014-05-12,2139.48
2014-05-13,2167.77
2014-05-14,2169.0
2014-05-15,2142.34
2014-05-16,2132.19
2014-05-19,2105.71
2014-05-20,2110.72
2014-05-21,2096.51
2014-05-22,2128.86
2014-05-23,2128.66
2014-05-26,2147.45
2014-05-27,2145.75
2014-05-28,2142.01
2014-05-29,2154.92
2014-05-30,2146.22
2014-06-03,2149.29
2014-06-04,2117.31
2014-06-05,2123.52
2014-06-06,2123.98
2014-06-09,2126.67
2014-06-10,2132.45
2014-06-11,2152.08
2014-06-12,2148.41
2014-06-13,2150.57
2014-06-16,2174.28
2014-06-17,2168.44
2014-06-18,2158.5
2014-06-19,2119.5
2014-06-20,2120.81
2014-06-23,2132.45
2014-06-24,2130.29
2014-06-25,2126.03
2014-06-26,2134.89
2014-06-27,2138.93
2014-06-30,2152.31
2014-07-01,2157.13
2014-07-02,2155.61
2014-07-03,2164.84
2014-07-04,2174.07
2014-07-07,2171.08
2014-07-08,2163.36
2014-07-09,2148.26
2014-07-10,2139.52
2014-07-11,2134.79
2014-07-14,2145.28
2014-07-15,2165.21
2014-07-16,2166.77
2014-07-17,2147.08
2014-07-18,2145.45
2014-07-21,2158.96
2014-07-22,2162.24
2014-07-23,2190.55
2014-07-24,2199.83
2014-07-25,2239.07
2014-07-28,2272.38
2014-07-29,2316.22
2014-07-30,2316.06
2014-07-31,2316.58
2014-08-01,2328.97
2014-08-04,2332.14
2014-08-05,2353.8
2014-08-06,2334.33
2014-08-07,2326.27
2014-08-08,2319.29
2014-08-11,2337.01
2014-08-12,2344.72
2014-08-13,2335.69
2014-08-14,2334.08
2014-08-15,2333.12
2014-08-18,2361.2
2014-08-19,2358.97
2014-08-20,2360.84
2014-08-21,2333.3
2014-08-22,2350.99
2014-08-25,2338.46
2014-08-26,2317.18
2014-08-27,2322.88
2014-08-28,2309.64
2014-08-29,2313.26
2014-09-01,2338.53
2014-09-02,2349.95
2014-09-03,2389.68
2014-09-04,2404.08
2014-09-05,2427.99
2014-09-09,2437.08
2014-09-10,2422.65
2014-09-11,2417.27
2014-09-12,2412.62
2014-09-15,2418.96
2014-09-16,2386.98
2014-09-17,2379.09
2014-09-18,2389.62
2014-09-19,2402.31
2014-09-22,2374.11
2014-09-23,2379.52
2014-09-24,2387.07
2014-09-25,2429.59
2014-09-26,2420.5
2014-09-29,2435.61
2014-09-30,2444.2
2014-10-08,2445.27
2014-10-09,2461.11
2014-10-10,2457.68
2014-10-13,2430.55
2014-10-14,2436.34
2014-10-15,2431.19
2014-10-16,2441.82
2014-10-17,2410.4
2014-10-20,2441.9
2014-10-21,2432.55
2014-10-22,2417.56
2014-10-23,2392.53
2014-10-24,2385.73
2014-10-27,2361.68
2014-10-28,2373.15
2014-10-29,2415.7
2014-10-30,2443.76
2014-10-31,2466.5
2014-11-03,2502.06
2014-11-04,2498.61
2014-11-05,2499.23
2014-11-06,2482.98
2014-11-07,2489.42
2014-11-10,2514.71
2014-11-11,2532.57
2014-11-12,2539.6
2014-11-13,2567.46
2014-11-14,2557.67
2014-11-17,2565.94
2014-11-18,2534.93
2014-11-19,2531.32
2014-11-20,2522.84
2014-11-21,2530.03
2014-11-24,2602.94
2014-11-25,2643.84
2014-11-26,2690.31
2014-11-27,2718.7
2014-11-28,2740.37
2014-12-01,2808.65
2014-12-02,2804.29
2014-12-03,2912.25
2014-12-04,2968.88
2014-12-05,3011.94
2014-12-08,3075.7
2014-12-09,3074.52
2014-12-10,3058.19
2014-12-11,3158.44
2014-12-12,3167.93
2014-12-15,3143.3
2014-12-16,3207.69
2014-12-17,3275.74
2014-12-18,3322.23
2014-12-19,3280.92
2014-12-22,3357.66
2014-12-23,3316.91
2014-12-24,3188.49
2014-12-25,3226.32
2014-12-26,3335.01
2014-12-29,3405.84
2014-12-30,3422.17
2014-12-31,3452.5
2015-01-05,3551.51
2015-01-06,3587.23
2015-01-07,3601.7
2015-01-08,3552.1
2015-01-09,3536.4
2015-01-12,3461.32
2015-01-13,3494.77
2015-01-14,3471.56
2015-01-15,3482.27
2015-01-16,3601.26
2015-01-19,3330.98
2015-01-20,3325.68
2015-01-21,3409.43
2015-01-22,3520.05
2015-01-23,3548.63
2015-01-26,3559.38
2015-01-27,3510.02
2015-01-28,3512.39
2015-01-29,3453.9
2015-01-30,3431.94
2015-02-02,3347.09
2015-02-03,3360.72
2015-02-04,3399.57
2015-02-05,3366.86
2015-02-06,3285.93
2015-02-09,3298.6
2015-02-10,3339.55
2015-02-11,3412.14
2015-02-12,3405.63
2015-02-13,3452.08
2015-02-16,3466.61
2015-02-17,3511.09
2015-02-25,3463.95
2015-02-26,3456.87
2015-02-27,3560.46
2015-03-02,3566.53
2015-03-03,3504.2
2015-03-04,3497.17
2015-03-05,3467.68
2015-03-06,3472.39
2015-03-09,3417.49
2015-03-10,3511.99
2015-03-11,3512.22
2015-03-12,3536.53
2015-03-13,3594.74
2015-03-16,3621.12
2015-03-17,3716.81
2015-03-18,3763.85
2015-03-19,3809.71
2015-03-20,3832.42
2015-03-23,3922.21
2015-03-24,3883.78
2015-03-25,3913.99
2015-03-26,3892.88
2015-03-27,3932.87
2015-03-30,3999.02
2015-03-31,4037.77
2015-04-01,4046.94
2015-04-02,4068.65
2015-04-03,4092.38
2015-04-07,4197.02
2015-04-08,4204.83
2015-04-09,4212.61
2015-04-10,4231.2
2015-04-13,4361.59
2015-04-14,4385.91
2015-04-15,4379.61
2015-04-16,4335.63
2015-04-17,4553.9
2015-04-20,4492.6
2015-04-21,4504.56
2015-04-22,4632.59
2015-04-23,4693.97
2015-04-24,4618.32
2015-04-27,4735.31
2015-04-28,4703.57
2015-04-29,4695.79
2015-04-30,4749.48
2015-05-04,4699.4
2015-05-05,4572.98
2015-05-06,4511.76
2015-05-07,4467.46
2015-05-08,4445.59
2015-05-11,4535.15
2015-05-12,4660.02
2015-05-13,4678.84
2015-05-14,4670.17
2015-05-15,4592.05
2015-05-18,4565.06
2015-05-19,4577.64
2015-05-20,4745.21
2015-05-21,4746.03
2015-05-22,4870.6
2015-05-25,4949.11
2015-05-26,5063.15
2015-05-27,5126.86
2015-05-28,4831.33
2015-05-29,4665.52
2015-06-01,4835.77
2015-06-02,5047.08
2015-06-03,5059.49
2015-06-04,4863.47
2015-06-05,5104.18
2015-06-08,5202.59
2015-06-09,5251.21
2015-06-10,5209.68
2015-06-11,5248.16
2015-06-12,5283.09
2015-06-15,5207.31
2015-06-16,5015.26
2015-06-17,4949.29
2015-06-18,4926.43
2015-06-19,4634.69
2015-06-23,4455.33
2015-06-24,4744.31
2015-06-25,4667.22
2015-06-26,4278.68
2015-06-29,4000.93
2015-06-30,4016.01
2015-07-01,4235.7
2015-07-02,4000.06
2015-07-03,3785.9
2015-07-06,3832.47
2015-07-07,3743.62
2015-07-08,3612.25
2015-07-09,3537.83
2015-07-10,3887.55
2015-07-13,4072.43
2015-07-14,4062.5
2015-07-15,3899.51
2015-07-16,3856.32
2015-07-17,4000.23
2015-07-20,4106.39
2015-07-21,4081.7
2015-07-22,4094.71
2015-07-23,4148.82
2015-07-24,4154.62
2015-07-27,3817.17
2015-07-28,3627.42
2015-07-29,3769.19
2015-07-30,3802.88
2015-07-31,3757.99
2015-08-03,3742.58
2015-08-04,3801.03
2015-08-05,3858.66
2015-08-06,3793.24
2015-08-07,3857.91
2015-08-10,3932.84
2015-08-11,4042.0
2015-08-12,4015.35
2015-08-13,3967.82
2015-08-14,4056.73
2015-08-17,4009.99
2015-08-18,3816.55
2015-08-19,3668.19
2015-08-20,3761.45
2015-08-21,3578.17
2015-08-24,3266.55
2015-08-25,3019.56
2015-08-26,2952.01
2015-08-27,3028.4
2015-08-28,3223.62
2015-08-31,3205.54
2015-09-01,3190.58
2015-09-02,3213.64
2015-09-07,3240.24
2015-09-08,3170.81
2015-09-09,3330.29
2015-09-10,3337.31
2015-09-11,3315.48
2015-09-14,3187.57
2015-09-15,3131.98
2015-09-16,3131.37
2015-09-17,3237.0
2015-09-18,3227.83
2015-09-21,3211.93
2015-09-22,3303.18
2015-09-23,3253.33
2015-09-24,3255.9
2015-09-25,3201.91
2015-09-28,3186.51
2015-09-29,3159.04
2015-09-30,3186.77
2015-10-08,3294.61
2015-10-09,3293.97
2015-10-12,3347.25
2015-10-13,3413.97
2015-10-14,3403.23
2015-10-15,3402.32
2015-10-16,3487.1
2015-10-19,3502.5
2015-10-20,3510.44
2015-10-21,3417.41
2015-10-22,3442.31
2015-10-23,3515.82
2015-10-26,3561.19
2015-10-27,3486.1
2015-10-28,3517.21
2015-10-29,3507.97
2015-10-30,3497.57
2015-11-02,3474.71
2015-11-03,3452.62
2015-11-04,3477.16
2015-11-05,3627.3
2015-11-06,3694.66
2015-11-09,3796.38
2015-11-10,3798.82
2015-11-11,3781.41
2015-11-12,3771.27
2015-11-13,3727.58
2015-11-16,3680.07
2015-11-17,3750.16
2015-11-18,3706.31
2015-11-19,3714.67
2015-11-20,3757.03
2015-11-23,3743.41
2015-11-24,3702.74
2015-11-25,3735.72
2015-11-26,3756.82
2015-11-27,3534.39
2015-11-30,3455.07
2015-12-01,3536.12
2015-12-02,3573.4
2015-12-03,3693.14
2015-12-04,3667.29
2015-12-07,3658.58
2015-12-08,3619.44
2015-12-09,3611.49
2015-12-10,3615.99
2015-12-11,3578.15
2015-12-14,3571.0
2015-12-15,3679.23
2015-12-16,3677.45
2015-12-17,3709.85
2015-12-18,3750.93
2015-12-21,3759.99
2015-12-22,3841.59
2015-12-23,3862.96
2015-12-24,3787.08
2015-12-25,3813.2
2015-12-28,3727.63
2015-12-29,3710.48
2015-12-30,3726.28
2015-12-31,3727.32
2016-01-04,3468.95
2016-01-05,3377.28
2016-01-06,3468.47
2016-01-07,3284.74
2016-01-08,3237.93
2016-01-11,3192.45
2016-01-12,3174.55
2016-01-13,3155.88
2016-01-14,3072.04
2016-01-15,3101.05
2016-01-18,3066.73
2016-01-19,3119.22
2016-01-20,3154.43
2016-01-21,3081.35
2016-01-22,3053.96
2016-01-25,3105.1
2016-01-26,2934.65
2016-01-27,2839.29
2016-01-28,2841.84
2016-01-29,2854.37
2016-02-01,2869.56
2016-02-02,2901.51
2016-02-03,2909.9
2016-02-04,2960.21
2016-02-05,2962.85
2016-02-15,2886.02
2016-02-16,2962.19
2016-02-17,3027.05
2016-02-18,3049.84
2016-02-19,3032.63
2016-02-22,3071.33
2016-02-23,3061.43
2016-02-24,3055.25
2016-02-25,2905.46
2016-02-26,2902.95
2016-02-29,2821.21
2016-03-01,2863.32
2016-03-02,2933.12
2016-03-03,3040.25
2016-03-04,3032.42
2016-03-07,3083.58
2016-03-08,3001.83
2016-03-09,3020.13
2016-03-10,3012.69
2016-03-11,2982.17
2016-03-14,3034.0
2016-03-15,3028.58
2016-03-16,3064.52
2016-03-17,3077.57
2016-03-18,3130.1
2016-03-21,3198.36
2016-03-22,3218.73
2016-03-23,3202.98
2016-03-24,3181.81
2016-03-25,3174.32
2016-03-28,3161.88
2016-03-29,3122.76
2016-03-30,3161.29
2016-03-31,3208.66
2016-04-01,3165.86
2016-04-05,3205.21
2016-04-06,3236.2
2016-04-07,3208.64
2016-04-08,3163.3
2016-04-11,3213.51
2016-04-12,3198.9
2016-04-13,3237.86
2016-04-14,3252.05
2016-04-15,3261.73
2016-04-18,3221.66
2016-04-19,3221.58
2016-04-20,3107.37
2016-04-21,3150.94
2016-04-22,3137.99
2016-04-25,3137.11
2016-04-26,3150.4
2016-04-27,3162.69
2016-04-28,3135.64
2016-04-29,3149.4
2016-05-03,3151.4
2016-05-04,3198.29
2016-05-05,3196.57
2016-05-06,3130.15
2016-05-09,3055.01
2016-05-10,3055.18
2016-05-11,3063.09
2016-05-12,3035.02
2016-05-13,3064.69
2016-05-16,3053.66
2016-05-17,3073.46
2016-05-18,3039.46
2016-05-19,3058.15
2016-05-20,3041.52
2016-05-23,3076.5
2016-05-24,3052.59
2016-05-25,3054.87
2016-05-26,3027.44
2016-05-27,3052.18
2016-05-30,3037.66
2016-05-31,3068.6
2016-06-01,3159.82
2016-06-02,3151.07
2016-06-03,3162.09
2016-06-06,3168.55
2016-06-07,3168.18
2016-06-08,3148.35
2016-06-13,3065.77
2016-06-14,3055.66
2016-06-15,3042.23
2016-06-16,3089.48
2016-06-17,3096.09
2016-06-20,3089.71
2016-06-21,3097.94
2016-06-22,3096.99
2016-06-23,3102.48
2016-06-24,3033.97
2016-06-27,3064.97
2016-06-28,3099.7
2016-06-29,3139.13
2016-06-30,3148.2
2016-07-01,3148.29
2016-07-04,3134.02
2016-07-05,3198.0
2016-07-06,3183.45
2016-07-07,3190.12
2016-07-08,3183.96
2016-07-11,3197.63
2016-07-12,3200.3
2016-07-13,3271.78
2016-07-14,3259.07
2016-07-15,3265.29
2016-07-18,3251.77
2016-07-19,3226.2
2016-07-20,3232.26
2016-07-21,3238.3
2016-07-22,3220.89
2016-07-25,3218.14
2016-07-26,3228.01
2016-07-27,3157.41
2016-07-28,3195.27
2016-07-29,3198.68
2016-08-01,3156.75
2016-08-02,3165.54
2016-08-03,3173.54
2016-08-04,3170.42
2016-08-05,3192.86
2016-08-08,3187.25
2016-08-09,3229.17
2016-08-10,3242.75
2016-08-11,3232.61
2016-08-12,3231.14
2016-08-15,3302.38
2016-08-16,3372.02
2016-08-17,3356.92
2016-08-18,3349.69
2016-08-19,3341.19
2016-08-22,3335.47
2016-08-23,3324.96
2016-08-24,3323.73
2016-08-25,3279.81
2016-08-26,3301.74
2016-08-29,3297.07
2016-08-30,3304.6
2016-08-31,3304.66
2016-09-01,3301.21
2016-09-02,3295.76
2016-09-05,3314.63
2016-09-06,3300.13
2016-09-07,3337.75
2016-09-08,3328.23
2016-09-09,3318.04
2016-09-12,3234.57
2016-09-13,3246.39
2016-09-14,3231.34
2016-09-19,3242.74
2016-09-20,3252.39
2016-09-21,3254.32
2016-09-22,3277.98
2016-09-23,3275.02
2016-09-26,3220.28
2016-09-27,3214.44
2016-09-28,3228.0
2016-09-29,3234.8
2016-09-30,3239.04
2016-10-10,3258.96
2016-10-11,3292.88
2016-10-12,3289.75
2016-10-13,3292.4
2016-10-14,3285.73
2016-10-17,3271.54
2016-10-18,3272.68
2016-10-19,3309.83
2016-10-20,3312.17
2016-10-21,3309.18
2016-10-24,3330.97
2016-10-25,3356.59
2016-10-26,3349.57
2016-10-27,3335.13
2016-10-28,3337.29
2016-10-31,3317.33
2016-11-01,3334.46
2016-11-02,3331.38
2016-11-03,3324.84
2016-11-04,3348.43
2016-11-07,3342.31
2016-11-08,3361.13
2016-11-09,3322.08
2016-11-10,3374.91
2016-11-11,3382.89
2016-11-14,3408.14
2016-11-15,3415.99
2016-11-16,3419.24
2016-11-17,3412.88
2016-11-18,3413.27
2016-11-21,3412.08
2016-11-22,3443.22
2016-11-23,3465.76
2016-11-24,3467.01
2016-11-25,3463.95
2016-11-28,3528.32
2016-11-29,3521.38
2016-11-30,3527.02
2016-12-01,3543.25
2016-12-02,3516.79
2016-12-05,3457.34
2016-12-06,3456.81
2016-12-07,3445.76
2016-12-08,3466.51
2016-12-09,3461.76
2016-12-12,3400.79
2016-12-13,3370.6
2016-12-14,3378.27
2016-12-15,3327.14
2016-12-16,3330.49
2016-12-19,3325.0
2016-12-20,3289.27
2016-12-21,3313.75
2016-12-22,3322.72
2016-12-23,3300.88
2016-12-26,3267.05
2016-12-27,3315.83
2016-12-28,3293.17
2016-12-29,3288.1
2016-12-30,3295.75
2017-01-03,3313.95
2017-01-04,3338.15
2017-01-05,3361.46
2017-01-06,3346.89
2017-01-09,3344.35
2017-01-10,3354.09
2017-01-11,3334.3
2017-01-12,3315.96
2017-01-13,3309.37
2017-01-16,3264.21
2017-01-17,3292.2
2017-01-18,3320.41
2017-01-19,3324.68
2017-01-20,3326.37
2017-01-23,3355.85
2017-01-24,3355.9
2017-01-25,3357.22
2017-01-26,3378.26
2017-02-03,3362.57
2017-02-06,3358.75
2017-02-07,3354.63
2017-02-08,3347.43
2017-02-09,3379.79
2017-02-10,3398.03
2017-02-13,3416.87
2017-02-14,3424.4
2017-02-15,3417.08
2017-02-16,3418.35
2017-02-17,3419.61
2017-02-20,3421.64
2017-02-21,3472.02
2017-02-22,3473.52
2017-02-23,3460.12
2017-02-24,3455.25
2017-02-27,3441.39
2017-02-28,3441.36
2017-03-01,3449.11
2017-03-02,3434.0
2017-03-03,3412.83
2017-03-06,3425.9
2017-03-07,3440.06
2017-03-08,3441.26
2017-03-09,3414.68
2017-03-10,3423.94
2017-03-13,3412.69
2017-03-14,3448.9
2017-03-15,3445.27
2017-03-16,3472.27
2017-03-17,3441.47
2017-03-20,3429.83
2017-03-21,3445.64
2017-03-22,3433.5
2017-03-23,3435.69
2017-03-24,3461.11
2017-03-27,3474.52
2017-03-28,3461.47
2017-03-29,3455.55
2017-03-30,3422.37
2017-03-31,3430.82
2017-04-05,3475.15
2017-04-06,3495.72
2017-04-07,3506.39
2017-04-10,3502.08
2017-04-11,3466.14
2017-04-12,3498.0
2017-04-13,3496.57
2017-04-14,3476.95
2017-04-17,3453.68
2017-04-18,3462.63
2017-04-19,3418.51
2017-04-20,3440.72
2017-04-21,3449.54
2017-04-24,3403.98
2017-04-25,3422.65
2017-04-26,3439.15
2017-04-27,3399.54
2017-04-28,3417.24
2017-05-02,3418.67
2017-05-03,3403.08
2017-05-04,3391.28
2017-05-05,3366.56
2017-05-08,3339.57
2017-05-09,3327.59
2017-05-10,3336.0
2017-05-11,3312.89
2017-05-12,3349.17
2017-05-15,3391.59
2017-05-16,3373.55
2017-05-17,3408.15
2017-05-18,3383.94
2017-05-19,3392.38
2017-05-22,3391.17
2017-05-23,3401.53
2017-05-24,3383.89
2017-05-25,3413.22
2017-05-26,3473.04
2017-05-31,3474.92
2017-06-01,3476.43
2017-06-02,3470.2
2017-06-05,3462.31
2017-06-06,3460.45
2017-06-07,3491.13
2017-06-08,3528.18
2017-06-09,3560.63
2017-06-12,3565.9
2017-06-13,3559.21
2017-06-14,3530.27
2017-06-15,3508.95
2017-06-16,3514.39
2017-06-19,3520.06
2017-06-20,3539.51
2017-06-21,3545.57
2017-06-22,3581.34
2017-06-23,3569.32
2017-06-26,3627.02
2017-06-27,3648.76
2017-06-28,3644.03
2017-06-29,3644.73
2017-06-30,3646.23
2017-07-03,3633.78
2017-07-04,3611.69
2017-07-05,3610.46
2017-07-06,3629.56
2017-07-07,3631.87
2017-07-10,3641.53
2017-07-11,3645.99
2017-07-12,3640.59
2017-07-13,3652.57
2017-07-14,3672.74
2017-07-17,3621.37
2017-07-18,3622.04
2017-07-19,3658.2
2017-07-20,3723.07
2017-07-21,3722.07
2017-07-24,3719.85
2017-07-25,3713.28
2017-07-26,3684.18
2017-07-27,3672.5
2017-07-28,3696.78
2017-07-31,3713.66
2017-08-01,3737.1
2017-08-02,3759.28
2017-08-03,3718.44
2017-08-04,3707.0
2017-08-07,3689.96
2017-08-08,3718.81
2017-08-09,3713.57
2017-08-10,3688.18
2017-08-11,3645.09
2017-08-14,3651.38
2017-08-15,3692.28
2017-08-16,3679.73
2017-08-17,3704.41
2017-08-18,3700.41
2017-08-21,3728.62
2017-08-22,3734.56
2017-08-23,3741.72
2017-08-24,3729.09
2017-08-25,3736.29
2017-08-28,3805.66
2017-08-29,3825.76
2017-08-30,3827.86
2017-08-31,3800.89
2017-09-01,3818.16
2017-09-04,3813.55
2017-09-05,3841.95
2017-09-06,3831.38
2017-09-07,3828.84
2017-09-08,3813.98
2017-09-11,3817.51
2017-09-12,3822.0
2017-09-13,3822.94
2017-09-14,3820.09
2017-09-15,3818.52
2017-09-18,3832.96
2017-09-19,3820.29
2017-09-20,3827.89
2017-09-21,3837.38
2017-09-22,3816.82
2017-09-25,3811.12
2017-09-26,3808.38
2017-09-27,3818.81
2017-09-28,3813.75
2017-09-29,3825.2
2017-10-09,3876.03
2017-10-10,3855.47
2017-10-11,3885.5
2017-10-12,3897.55
2017-10-13,3908.89
2017-10-16,3913.32
2017-10-17,3900.48
2017-10-18,3914.82
2017-10-19,3923.65
2017-10-20,3910.2
2017-10-23,3920.66
2017-10-24,3922.03
2017-10-25,3954.0
2017-10-26,3973.55
2017-10-27,3991.35
2017-10-30,3960.27
2017-10-31,3983.26
2017-11-01,3991.32
2017-11-02,3971.38
2017-11-03,3963.03
2017-11-06,3975.41
2017-11-07,4021.36
2017-11-08,4040.58
2017-11-09,4038.4
2017-11-10,4067.66
2017-11-13,4115.55
2017-11-14,4086.89
2017-11-15,4055.72
2017-11-16,4062.27
2017-11-17,4081.37
2017-11-20,4060.96
2017-11-21,4129.98
2017-11-22,4191.15
2017-11-23,4086.9
2017-11-24,4057.49
2017-11-27,4037.15
2017-11-28,4010.3
2017-11-29,4004.69
2017-11-30,3988.0
2017-12-01,3984.38
2017-12-04,3982.32
2017-12-05,4006.54
2017-12-06,3964.81
2017-12-07,3955.99
2017-12-08,3955.44
2017-12-11,4005.27
2017-12-12,4015.45
2017-12-13,4004.74
2017-12-14,4013.85
2017-12-15,3974.93
2017-12-18,3967.93
2017-12-19,3985.82
2017-12-20,4015.63
2017-12-21,4014.65
2017-12-22,4048.49
2017-12-25,4026.45
2017-12-26,4015.3
2017-12-27,3986.74
2017-12-28,3980.24
2017-12-29,4012.88
2018-01-02,4045.21
2018-01-03,4088.73
2018-01-04,4105.89
2018-01-05,4123.28
2018-01-08,4127.31
2018-01-09,4153.5
2018-01-10,4175.14
2018-01-11,4181.96
2018-01-12,4199.03
2018-01-15,4216.36
2018-01-16,4213.13
2018-01-17,4230.54
2018-01-18,4246.68
2018-01-19,4269.62
2018-01-22,4275.9
2018-01-23,4346.79
2018-01-24,4349.09
2018-01-25,4336.24
2018-01-26,4351.49
2018-01-29,4287.11
2018-01-30,4251.57
2018-01-31,4232.77
2018-02-01,4214.29
2018-02-02,4181.78
2018-02-05,4200.14
2018-02-06,4131.56
2018-02-07,4048.42
2018-02-08,3974.68
2018-02-09,3759.15
2018-02-12,3828.07
2018-02-13,3925.6
2018-02-14,3923.13
2018-02-22,4009.92
2018-02-23,4035.23
2018-02-26,4048.98
2018-02-27,4051.81
2018-02-28,3991.71
2018-03-01,3986.89
2018-03-02,4006.94
2018-03-05,3995.87
2018-03-06,3998.93
2018-03-07,4027.94
2018-03-08,4029.71
2018-03-09,4076.45
2018-03-12,4112.77
2018-03-13,4087.56
2018-03-14,4066.49
2018-03-15,4058.71
2018-03-16,4055.82
2018-03-19,4033.52
2018-03-20,4040.31
2018-03-21,4046.24
2018-03-22,4003.72
2018-03-23,3834.94
2018-03-26,3829.92
2018-03-27,3881.87
2018-03-28,3835.88
2018-03-29,3794.26
2018-03-30,3879.21
2018-04-02,3882.89
2018-04-03,3839.93
2018-04-04,3852.5
2018-04-09,3827.41
2018-04-10,3851.8
2018-04-11,3924.96
2018-04-12,3896.18
2018-04-13,3866.19
2018-04-16,3789.61
2018-04-17,3745.44
2018-04-18,3708.11
2018-04-19,3767.8
2018-04-20,3750.1
2018-04-23,3735.18
2018-04-24,3769.88
2018-04-25,3817.03
2018-04-26,3744.89
2018-04-27,3714.64
2018-05-02,3744.55
2018-05-03,3732.37
2018-05-04,3770.94
2018-05-07,3776.03
2018-05-08,3833.73
2018-05-09,3855.74
2018-05-10,3867.31
2018-05-11,3871.95
2018-05-14,3886.87
2018-05-15,3892.92
2018-05-16,3889.19
2018-05-17,3858.85
2018-05-18,3841.9
2018-05-21,3913.6
2018-05-22,3881.17
2018-05-23,3854.58
2018-05-24,3823.92
2018-05-25,3804.14
2018-05-28,3799.32
2018-05-29,3800.67
2018-05-30,3722.07
2018-05-31,3742.53
2018-06-01,3753.84
2018-06-04,3776.62
2018-06-05,3800.93
2018-06-06,3830.9
2018-06-07,3827.69
2018-06-08,3759.27
2018-06-11,3756.52
2018-06-12,3765.26
2018-06-13,3782.07
2018-06-14,3759.25
2018-06-15,3737.43
2018-06-19,3583.02
2018-06-20,3578.17
2018-06-21,3589.49
2018-06-22,3542.46
2018-06-25,3559.03
2018-06-26,3478.21
2018-06-27,3441.79
2018-06-28,3416.95
2018-06-29,3425.22
2018-07-02,3383.5
2018-07-03,3319.29
2018-07-04,3359.09
2018-07-05,3330.71
2018-07-06,3295.73
2018-07-09,3378.91
2018-07-10,3437.27
2018-07-11,3375.14
2018-07-12,3403.33
2018-07-13,3474.91
2018-07-16,3459.73
2018-07-17,3420.97
2018-07-18,3430.16
2018-07-19,3417.96
2018-07-20,3398.95
2018-07-23,3464.65
2018-07-24,3530.66
2018-07-25,3566.31
2018-07-26,3528.64
2018-07-27,3512.7
2018-07-30,3489.55
2018-07-31,3493.15
2018-08-01,3446.78
2018-08-02,3322.1
2018-08-03,3315.2
2018-08-06,3257.69
2018-08-07,3263.5
2018-08-08,3311.77
2018-08-09,3299.62
2018-08-10,3380.57
2018-08-13,3336.7
2018-08-14,3356.61
2018-08-15,3288.71
2018-08-16,3231.56
2018-08-17,3224.1
2018-08-20,3209.01
2018-08-21,3270.03
2018-08-22,3299.39
2018-08-23,3285.81
2018-08-24,3291.87
2018-08-27,3339.26
2018-08-28,3388.81
2018-08-29,3377.12
2018-08-30,3349.47
2018-08-31,3310.87
2018-09-03,3291.78
2018-09-04,3307.96
2018-09-05,3298.14
2018-09-06,3253.76
2018-09-07,3253.73
2018-09-10,3227.85
2018-09-11,3209.11
2018-09-12,3194.98
2018-09-13,3191.4
2018-09-14,3227.94
2018-09-17,3200.51
2018-09-18,3193.64
2018-09-19,3258.31
2018-09-20,3303.07
2018-09-21,3307.77
2018-09-25,3367.03
2018-09-26,3383.24
2018-09-27,3394.73
2018-09-28,3404.7
2018-10-08,3285.25
2018-10-09,3276.13
2018-10-10,3256.58
2018-10-11,3099.04
2018-10-12,3094.97
2018-10-15,3120.23
2018-10-16,3089.37
2018-10-17,3062.55
2018-10-18,3043.38
2018-10-19,3009.5
2018-10-22,3159.56
2018-10-23,3163.57
2018-10-24,3164.29
2018-10-25,3099.89
2018-10-26,3151.92
2018-10-29,3062.58
2018-10-30,3050.77
2018-10-31,3106.03
2018-11-01,3173.1
2018-11-02,3222.44
2018-11-05,3230.36
2018-11-06,3213.9
2018-11-07,3218.42
2018-11-08,3207.71
2018-11-09,3166.31
2018-11-12,3152.44
2018-11-13,3161.1
2018-11-14,3200.23
2018-11-15,3198.78
2018-11-16,3223.72
2018-11-19,3251.07
2018-11-20,3213.68
2018-11-21,3185.24
2018-11-22,3199.7
2018-11-23,3139.39
2018-11-26,3131.64
2018-11-27,3126.29
2018-11-28,3126.62
2018-11-29,3137.65
2018-11-30,3132.42
2018-12-03,3228.36
2018-12-04,3243.7
2018-12-05,3219.98
2018-12-06,3179.89
2018-12-07,3176.71
2018-12-10,3134.38
2018-12-11,3143.61
2018-12-12,3160.28
2018-12-13,3169.42
2018-12-14,3165.91
2018-12-17,3134.37
2018-12-18,3114.47
2018-12-19,3086.76
2018-12-20,3044.29
2018-12-21,3007.61
2018-12-24,3007.33
2018-12-25,2964.88
2018-12-26,2996.48
2018-12-27,2990.51
2018-12-28,2984.82
2019-01-02,2958.49
2019-01-03,2953.26
2019-01-04,2935.83
2019-01-07,3035.91
2019-01-08,3038.53
2019-01-09,3062.85
2019-01-10,3062.57
2019-01-11,3071.03
2019-01-14,3064.38
2019-01-15,3064.67
2019-01-16,3117.29
2019-01-17,3110.06
2019-01-18,3120.35
2019-01-21,3170.88
2019-01-22,3135.34
2019-01-23,3131.87
2019-01-24,3125.3
2019-01-25,3164.41
2019-01-28,3174.72
2019-01-29,3148.23
2019-01-30,3167.89
2019-01-31,3178.01
2019-02-01,3207.72
2019-02-11,3239.81
2019-02-12,3298.63
2019-02-13,3329.14
2019-02-14,3381.98
2019-02-15,3335.87
2019-02-18,3366.42
2019-02-19,3419.07
2019-02-20,3421.51
2019-02-21,3431.63
2019-02-22,3417.98
2019-02-25,3574.69
2019-02-26,3679.27
2019-02-27,3638.33
2019-02-28,3650.05
2019-03-01,3668.77
2019-03-04,3764.78
2019-03-05,3770.79
2019-03-06,3787.52
2019-03-07,3778.8
2019-03-08,3656.19
2019-03-11,3650.81
2019-03-12,3723.68
2019-03-13,3708.81
2019-03-14,3673.85
2019-03-15,3713.94
2019-03-18,3733.68
2019-03-19,3815.22
2019-03-20,3790.51
2019-03-21,3823.47
2019-03-22,3786.59
2019-03-25,3741.61
2019-03-26,3687.55
2019-03-27,3703.45
2019-03-28,3710.08
2019-03-29,3739.77
2019-04-01,3901.17
2019-04-02,3956.51
2019-04-03,3939.78
2019-04-04,4021.71
2019-04-08,4017.49
2019-04-09,4038.28
2019-04-10,4035.47
2019-04-11,3990.24
2019-04-12,3961.46
2019-04-15,3974.23
2019-04-16,3943.49
2019-04-17,4057.5
2019-04-18,4056.24
2019-04-19,4046.2
2019-04-22,4015.48
2019-04-23,4005.28
2019-04-24,3967.81
2019-04-25,3938.33
2019-04-26,3887.25
2019-04-29,3875.45
2019-04-30,3885.15
2019-05-06,3647.14
2019-05-07,3671.83
2019-05-08,3642.5
2019-05-09,3584.82
2019-05-10,3589.29
2019-05-13,3658.0
2019-05-14,3630.44
2019-05-15,3674.99
2019-05-16,3707.9
2019-05-17,3637.58
2019-05-20,3583.83
2019-05-21,3610.68
2019-05-22,3634.75
2019-05-23,3578.11
2019-05-24,3580.79
2019-05-27,3556.26
2019-05-28,3627.79
2019-05-29,3637.35
2019-05-30,3612.62
2019-05-31,3627.55
2019-06-03,3613.13
2019-06-04,3584.46
2019-06-05,3593.95
2019-06-06,3557.02
2019-06-10,3568.28
2019-06-11,3617.52
2019-06-12,3683.94
2019-06-13,3654.27
2019-06-14,3650.91
2019-06-17,3645.5
2019-06-18,3638.78
2019-06-19,3715.13
2019-06-20,3717.19
2019-06-21,3817.31
2019-06-24,3819.77
2019-06-25,3755.01
2019-06-26,3771.72
2019-06-27,3805.83
2019-06-28,3803.05
2019-07-01,3886.91
2019-07-02,3918.94
2019-07-03,3878.84
2019-07-04,3854.69
2019-07-05,3857.93
2019-07-08,3775.03
2019-07-09,3774.76
2019-07-10,3774.23
2019-07-11,3774.41
2019-07-12,3774.52
2019-07-15,3745.86
2019-07-16,3799.87
2019-07-17,3787.9
2019-07-18,3768.0
2019-07-19,3787.51
2019-07-22,3765.44
2019-07-23,3768.76
2019-07-24,3803.57
2019-07-25,3812.95
2019-07-26,3832.52
2019-07-29,3842.43
2019-07-30,3861.57
2019-07-31,3830.09
2019-08-01,3791.55
2019-08-02,3720.06
2019-08-05,3675.69
2019-08-06,3575.86
2019-08-07,3621.43
2019-08-08,3646.94
2019-08-09,3628.12
2019-08-12,3643.32
2019-08-13,3658.01
2019-08-14,3680.61
2019-08-15,3612.11
2019-08-16,3687.08
2019-08-19,3720.69
2019-08-20,3778.73
2019-08-21,3775.45
2019-08-22,3771.2
2019-08-23,3788.03
2019-08-26,3753.16
2019-08-27,3790.87
2019-08-28,3790.14
2019-08-29,3774.4
2019-08-30,3778.92
2019-09-02,3799.82
2019-09-03,3833.76
2019-09-04,3846.42
2019-09-05,3909.21
2019-09-06,3922.34
2019-09-09,3954.88
2019-09-10,3938.74
2019-09-11,3922.95
2019-09-12,3933.44
2019-09-16,3943.37
2019-09-17,3879.49
2019-09-18,3902.51
2019-09-19,3897.07
2019-09-20,3921.41
2019-09-23,3868.21
2019-09-24,3886.14
2019-09-25,3867.23
2019-09-26,3840.25
2019-09-27,3832.25
2019-09-30,3813.55
2019-10-08,3818.59
2019-10-09,3805.07
2019-10-10,3829.43
2019-10-11,3868.84
2019-10-14,3934.73
2019-10-15,3928.15
2019-10-16,3919.02
2019-10-17,3913.92
2019-10-18,3864.97
2019-10-21,3856.04
2019-10-22,3870.55
2019-10-23,3862.2
2019-10-24,3852.58
2019-10-25,3849.03
2019-10-28,3897.82
2019-10-29,3910.23
2019-10-30,3883.45
2019-10-31,3878.88
2019-11-01,3876.42
2019-11-04,3964.01
2019-11-05,3970.87
2019-11-06,3973.78
2019-11-07,3975.55
2019-11-08,3971.57
2019-11-11,3897.55
2019-11-12,3877.74
2019-11-13,3882.43
2019-11-14,3895.14
2019-11-15,3877.09
2019-11-18,3868.32
2019-11-19,3902.38
2019-11-20,3901.99
2019-11-21,3875.97
2019-11-22,3833.5
2019-11-25,3839.42
2019-11-26,3869.59
2019-11-27,3862.7
2019-11-28,3852.01
2019-11-29,3804.83
2019-12-02,3829.31
2019-12-03,3811.63
2019-12-04,3831.07
2019-12-05,3859.82
2019-12-06,3878.7
2019-12-09,3885.25
2019-12-10,3882.09
2019-12-11,3890.34
2019-12-12,3886.12
2019-12-13,3925.28
2019-12-16,3953.51
2019-12-17,3984.52
2019-12-18,4025.34
2019-12-19,4014.9
2019-12-20,4014.93
2019-12-23,3964.38
2019-12-24,3963.67
2019-12-25,3976.36
2019-12-26,3993.54
2019-12-27,4019.72
2019-12-30,4001.5
2019-12-31,4069.01
2020-01-02,4121.35
2020-01-03,4131.86
2020-01-06,4102.38
2020-01-07,4135.1
2020-01-08,4101.98
2020-01-09,4143.59
2020-01-10,4148.48
2020-01-13,4148.6
2020-01-14,4188.08
2020-01-15,4150.88
2020-01-16,4142.18
2020-01-17,4141.65
2020-01-20,4149.49
2020-01-21,4113.33
2020-01-22,4046.49
2020-01-23,3972.39
2020-02-03,3639.91
2020-02-04,3652.0
2020-02-05,3781.61
2020-02-06,3806.96
2020-02-07,3849.71
2020-02-10,3861.01
2020-02-11,3915.71
2020-02-12,3940.67
2020-02-13,3950.14
2020-02-14,3954.02
2020-02-17,3999.65
2020-02-18,4027.79
2020-02-19,4042.85
2020-02-20,4055.81
2020-02-21,4130.17
2020-02-24,4097.18
2020-02-25,4020.91
2020-02-26,4061.13
2020-02-27,4067.44
2020-02-28,3928.07
2020-03-02,3968.84
2020-03-03,4067.91
2020-03-04,4060.73
2020-03-05,4127.04
2020-03-06,4135.39
2020-03-09,3995.13
2020-03-10,3954.75
2020-03-11,4028.4
2020-03-12,3926.27
2020-03-13,3765.15
2020-03-16,3720.51
2020-03-17,3618.31
2020-03-18,3636.26
2020-03-19,3503.19
2020-03-20,3588.78
2020-03-23,3523.79
2020-03-24,3545.45
2020-03-25,3685.99
2020-03-26,3681.27
2020-03-27,3709.92
2020-03-30,3637.59
2020-03-31,3676.2
2020-04-01,3670.97
2020-04-02,3652.32
2020-04-03,3698.98
2020-04-07,3772.21
2020-04-08,3767.29
2020-04-09,3785.31
2020-04-10,3758.96
2020-04-13,3740.19
2020-04-14,3764.98
2020-04-15,3793.44
2020-04-16,3774.56
2020-04-17,3821.42
2020-04-20,3831.55
2020-04-21,3780.0
2020-04-22,3782.22
2020-04-23,3826.56
2020-04-24,3787.07
2020-04-27,3793.77
2020-04-28,3768.2
2020-04-29,3833.72
2020-04-30,3880.41
2020-05-06,3865.99
2020-05-07,3915.9
2020-05-08,3935.98
2020-05-11,3944.5
2020-05-12,3930.21
2020-05-13,3932.57
2020-05-14,3924.05
2020-05-15,3907.4
2020-05-18,3898.4
2020-05-19,3944.07
2020-05-20,3923.92
2020-05-21,3907.58
2020-05-22,3818.15
2020-05-25,3800.18
2020-05-26,3844.48
2020-05-27,3838.42
2020-05-28,3818.43
2020-05-29,3830.42
2020-06-01,3901.73
2020-06-02,3958.98
2020-06-03,3982.93
2020-06-04,3968.57
2020-06-05,3967.93
2020-06-08,4016.1
2020-06-09,4016.34
2020-06-10,4024.42
2020-06-11,3979.75
2020-06-12,3927.25
2020-06-15,3954.99
2020-06-16,3987.86
2020-06-17,3992.13
2020-06-18,4000.9
2020-06-19,4043.49
2020-06-22,4088.78
2020-06-23,4080.75
2020-06-24,4123.36
2020-06-29,4092.54
2020-06-30,4129.78
2020-07-01,4163.5
2020-07-02,4238.12
2020-07-03,4348.45
2020-07-06,4465.81
2020-07-07,4688.06
2020-07-08,4670.65
2020-07-09,4757.29
2020-07-10,4734.47
2020-07-13,4741.87
2020-07-14,4729.93
2020-07-15,4723.36
2020-07-16,4513.65
2020-07-17,4485.82
2020-07-20,4534.23
2020-07-21,4661.44
2020-07-22,4675.35
2020-07-23,4607.66
2020-07-24,4479.39
2020-07-27,4482.44
2020-07-28,4537.69
2020-07-29,4548.85
2020-07-30,4649.77
2020-07-31,4621.96
2020-08-03,4720.03
2020-08-04,4747.78
2020-08-05,4711.27
2020-08-06,4691.16
2020-08-07,4637.84
2020-08-10,4646.29
2020-08-11,4674.86
2020-08-12,4566.27
2020-08-13,4626.1
2020-08-14,4617.63
2020-08-17,4721.36
2020-08-18,4788.83
2020-08-19,4738.01
2020-08-20,4662.8
2020-08-21,4684.81
2020-08-24,4716.61
2020-08-25,4746.31
2020-08-26,4689.88
2020-08-27,4679.36
2020-08-28,4719.35
2020-08-31,4816.21
2020-09-01,4791.78
2020-09-02,4797.52
2020-09-03,4800.06
2020-09-04,4726.56
2020-09-07,4655.56
2020-09-08,4639.05
2020-09-09,4558.03
2020-09-10,4572.21
2020-09-11,4563.11
2020-09-14,4625.99
2020-09-15,4630.54
2020-09-16,4638.46
2020-09-17,4601.64
2020-09-18,4631.7
2020-09-21,4688.72
2020-09-22,4622.11
2020-09-23,4623.55
2020-09-24,4562.21
2020-09-25,4554.72
2020-09-28,4571.15
2020-09-29,4586.35
2020-09-30,4563.41
2020-10-09,4655.09
2020-10-12,4704.16
2020-10-13,4795.37
2020-10-14,4795.91
2020-10-15,4796.26
2020-10-16,4765.97
2020-10-19,4747.34
2020-10-20,4739.46
2020-10-21,4758.86
2020-10-22,4725.5
2020-10-23,4717.1
2020-10-26,4639.3
2020-10-27,4671.85
2020-10-28,4685.6
2020-10-29,4679.25
2020-10-30,4683.47
2020-11-02,4695.44
2020-11-03,4734.17
2020-11-04,4770.56
2020-11-05,4838.0
2020-11-06,4845.43
2020-11-09,4918.86
2020-11-10,4928.93
2020-11-11,4901.71
2020-11-12,4891.51
2020-11-13,4825.76
2020-11-16,4848.62
2020-11-17,4865.39
2020-11-18,4870.72
2020-11-19,4870.2
2020-11-20,4922.59
2020-11-23,4940.45
2020-11-24,4960.98
2020-11-25,4910.7
2020-11-26,4867.82
2020-11-27,4917.35
2020-11-30,4960.25
2020-12-01,4963.13
2020-12-02,5043.31
2020-12-03,5033.79
2020-12-04,5017.85
2020-12-07,5014.61
2020-12-08,4998.92
2020-12-09,4942.52
2020-12-10,4919.77
2020-12-11,4849.35
2020-12-14,4887.66
2020-12-15,4904.79
2020-12-16,4938.19
2020-12-17,4950.37
2020-12-18,4979.01
2020-12-21,4970.0
2020-12-22,4960.95
2020-12-23,4968.15
2020-12-24,4979.24
2020-12-25,4973.68
2020-12-28,5037.86
2020-12-29,5034.31
2020-12-30,5036.63
2020-12-31,5122.48
2021-01-04,5190.94
2021-01-05,5234.38
2021-01-06,5341.43
2021-01-07,5413.35
2021-01-08,5442.69
2021-01-11,5412.5
2021-01-12,5417.63
2021-01-13,5535.14
2021-01-14,5458.68
2021-01-15,5390.27
2021-01-18,5410.78
2021-01-19,5415.72
2021-01-20,5426.54
2021-01-21,5490.56
2021-01-22,5513.88
2021-01-25,5543.27
2021-01-26,5506.0
2021-01-27,5449.64
2021-01-28,5360.38
2021-01-29,5288.1
2021-02-01,5342.05
2021-02-02,5411.52
2021-02-03,5473.12
2021-02-04,5411.58
2021-02-05,5477.65
2021-02-08,5479.85
2021-02-09,5555.05
2021-02-10,5707.33
2021-02-18,5747.66
2021-02-19,5667.32
2021-02-22,5597.33
2021-02-23,5541.11
2021-02-24,5379.73
2021-02-25,5444.16
2021-02-26,5318.86
2021-03-01,5345.95
2021-03-02,5305.06
2021-03-03,5316.48
2021-03-04,5254.78
2021-03-05,5174.25
2021-03-08,5079.8
2021-03-09,4917.91
2021-03-10,4981.62
2021-03-11,5020.58
2021-03-12,5086.82
2021-03-15,4992.4
2021-03-16,5009.95
2021-03-17,5020.13
2021-03-18,5111.13
2021-03-19,4980.76
2021-03-22,4996.54
2021-03-23,4966.53
2021-03-24,4919.89
2021-03-25,4883.66
2021-03-26,4953.95
2021-03-29,5010.39
2021-03-30,5032.8
2021-03-31,5015.61
2021-04-01,5056.87
2021-04-02,5116.35
2021-04-06,5125.33
2021-04-07,5065.19
2021-04-08,5062.07
2021-04-09,5022.09
2021-04-12,4933.01
2021-04-13,4924.2
2021-04-14,4940.27
2021-04-15,4900.3
2021-04-16,4917.96
2021-04-19,4940.75
2021-04-20,5058.92
2021-04-21,5047.99
2021-04-22,5067.14
2021-04-23,5086.49
2021-04-26,5072.96
2021-04-27,5042.61
2021-04-28,5059.26
2021-04-29,5113.65
2021-04-30,5094.93
2021-05-06,5037.41
2021-05-07,4996.04
2021-05-10,4953.7
2021-05-11,4925.92
2021-05-12,4995.4
2021-05-13,4975.45
2021-05-14,4981.3
2021-05-17,5115.31
2021-05-18,5156.79
2021-05-19,5151.64
2021-05-20,5152.04
2021-05-21,5123.12
2021-05-24,5092.39
2021-05-25,5161.52
2021-05-26,5308.74
2021-05-27,5286.05
2021-05-28,5288.65
2021-05-31,5281.69
2021-06-01,5269.26
2021-06-02,5266.79
2021-06-03,5255.07
2021-06-04,5221.23
2021-06-07,5242.95
2021-06-08,5201.14
2021-06-09,5215.35
2021-06-10,5229.52
2021-06-11,5213.6
2021-06-15,5137.41
2021-06-16,5076.02
2021-06-17,5073.82
2021-06-18,5064.92
2021-06-21,5058.57
2021-06-22,5086.28
2021-06-23,5109.76
2021-06-24,5120.58
2021-06-25,5157.48
2021-06-28,5226.22
2021-06-29,5182.68
2021-06-30,5186.63
2021-07-01,5190.88
2021-07-02,5074.36
2021-07-05,5048.0
2021-07-06,5028.51
2021-07-07,5045.41
2021-07-08,5078.93
2021-07-09,5006.41
2021-07-12,5070.32
2021-07-13,5114.94
2021-07-14,5075.13
2021-07-15,5067.68
2021-07-16,5090.63
2021-07-19,5047.62
2021-07-20,5067.86
2021-07-21,5122.3
2021-07-22,5137.88
2021-07-23,5080.0
2021-07-26,4859.6
2021-07-27,4749.03
2021-07-28,4663.9
2021-07-29,4800.01
2021-07-30,4761.04
2021-08-02,4761.46
2021-08-03,4890.85
2021-08-04,4919.66
2021-08-05,4921.94
2021-08-06,4891.8
2021-08-09,4884.04
2021-08-10,4941.24
2021-08-11,5009.98
2021-08-12,4962.99
2021-08-13,4921.28
2021-08-16,4931.37
2021-08-17,4823.39
2021-08-18,4818.9
2021-08-19,4839.57
2021-08-20,4720.83
2021-08-23,4764.01
2021-08-24,4842.75
2021-08-25,4865.76
2021-08-26,4798.7
2021-08-27,4793.59
2021-08-30,4787.2
2021-08-31,4740.75
2021-09-01,4763.3
2021-09-02,4845.62
2021-09-03,4828.7
2021-09-06,4837.79
2021-09-07,4915.61
2021-09-08,4955.89
2021-09-09,4929.95
2021-09-10,4962.37
2021-09-13,4964.96
2021-09-14,4907.32
2021-09-15,4843.12
2021-09-16,4806.14
2021-09-17,4786.09
2021-09-22,4765.23
2021-09-23,4837.56
2021-09-24,4838.54
2021-09-27,4852.2
2021-09-28,4846.63
2021-09-29,4799.88
2021-09-30,4843.95
2021-10-08,4891.63
2021-10-11,4930.71
2021-10-12,4840.77
2021-10-13,4869.83
2021-10-14,4903.25
2021-10-15,4881.01
2021-10-18,4844.94
2021-10-19,4868.81
2021-10-20,4898.37
2021-10-21,4893.85
2021-10-22,4934.87
2021-10-25,4930.11
2021-10-26,4953.48
2021-10-27,4884.94
2021-10-28,4846.28
2021-10-29,4855.76
2021-11-01,4858.25
2021-11-02,4797.9
2021-11-03,4804.37
2021-11-04,4834.74
2021-11-05,4841.74
2021-11-08,4827.69
2021-11-09,4818.54
2021-11-10,4754.0
2021-11-11,4809.11
2021-11-12,4875.35
2021-11-15,4863.4
2021-11-16,4876.5
2021-11-17,4864.52
2021-11-18,4830.41
2021-11-19,4829.57
2021-11-22,4893.27
2021-11-23,4896.88
2021-11-24,4899.61
2021-11-25,4891.73
2021-11-26,4850.81
2021-11-29,4818.71
2021-11-30,4810.22
2021-12-01,4823.93
2021-12-02,4830.32
2021-12-03,4853.35
2021-12-06,4888.69
2021-12-07,4895.22
2021-12-08,4915.79
2021-12-09,4999.41
2021-12-10,5035.81
2021-12-13,5079.73
2021-12-14,5038.86
2021-12-15,5003.78
2021-12-16,4987.22
2021-12-17,4954.76
2021-12-20,4872.68
2021-12-21,4872.95
2021-12-22,4903.17
2021-12-23,4906.75
2021-12-24,4905.98
2021-12-27,4894.16
2021-12-28,4913.6
2021-12-29,4883.48
2021-12-30,4878.65
2021-12-31,4923.14
2022-01-04,4874.53
2022-01-05,4851.98
2022-01-06,4786.43
2022-01-07,4818.19
2022-01-10,4780.82
2022-01-11,4791.89
2022-01-12,4810.92
2022-01-13,4765.24
2022-01-14,4723.94
2022-01-17,4726.71
2022-01-18,4747.92
2022-01-19,4755.93
2022-01-20,4777.57
2022-01-21,4762.56
2022-01-24,4746.45
2022-01-25,4678.25
2022-01-26,4648.13
2022-01-27,4616.03
2022-01-28,4559.83
2022-02-07,4615.01
2022-02-08,4522.47
2022-02-09,4595.28
2022-02-10,4608.09
2022-02-11,4595.88
2022-02-14,4530.06
2022-02-15,4550.54
2022-02-16,4607.22
2022-02-17,4606.95
2022-02-18,4598.1
2022-02-21,4613.3
2022-02-22,4550.8
2022-02-23,4579.29
2022-02-24,4488.48
2022-02-25,4561.9
2022-02-28,4530.68
2022-03-01,4583.92
2022-03-02,4558.44
2022-03-03,4544.43
2022-03-04,4481.49
2022-03-07,4338.3
2022-03-08,4252.54
2022-03-09,4068.19
2022-03-10,4288.51
2022-03-11,4176.45
2022-03-14,4174.76
2022-03-15,3983.81
2022-03-16,3942.86
2022-03-17,4217.8
2022-03-18,4194.94
2022-03-21,4223.02
2022-03-22,4236.69
2022-03-23,4241.96
2022-03-24,4216.85
2022-03-25,4173.93
2022-03-28,4091.3
2022-03-29,4124.72
2022-03-30,4160.74
2022-03-31,4214.54
2022-04-01,4190.08
2022-04-06,4236.73
2022-04-07,4205.74
2022-04-08,4175.53
2022-04-11,4089.09
2022-04-12,4075.8
2022-04-13,4139.74
2022-04-14,4155.55
2022-04-15,4152.97
2022-04-18,4119.99
2022-04-19,4115.42
2022-04-20,4060.5
2022-04-21,3978.37
2022-04-22,3953.72
2022-04-25,3814.91
2022-04-26,3773.9
2022-04-27,3757.09
2022-04-28,3873.58
2022-04-29,3898.57
2022-05-05,3988.93
2022-05-06,3902.05
2022-05-09,3854.94
2022-05-10,3808.57
2022-05-11,3916.52
2022-05-12,3935.59
2022-05-13,3957.14
2022-05-16,3947.75
2022-05-17,3955.1
2022-05-18,3964.75
2022-05-19,3933.75
2022-05-20,4020.82
2022-05-23,4029.08
2022-05-24,3959.15
2022-05-25,3946.81
2022-05-26,3938.24
2022-05-27,3983.38
2022-05-30,4003.38
2022-05-31,4020.38
2022-06-01,4058.85
2022-06-02,4057.91
2022-06-06,4063.91
2022-06-07,4155.17
2022-06-08,4158.03
2022-06-09,4160.88
2022-06-10,4140.22
2022-06-13,4156.71
2022-06-14,4102.93
2022-06-15,4228.29
2022-06-16,4241.08
2022-06-17,4218.68
2022-06-20,4297.89
2022-06-21,4287.14
2022-06-22,4269.25
2022-06-23,4260.9
2022-06-24,4346.12
2022-06-27,4414.33
2022-06-28,4407.35
2022-06-29,4414.0
2022-06-30,4418.07
2022-07-01,4449.29
2022-07-04,4427.82
2022-07-05,4439.45
2022-07-06,4393.42
2022-07-07,4391.19
2022-07-08,4426.89
2022-07-11,4330.58
2022-07-12,4296.62
2022-07-13,4284.94
2022-07-14,4292.76
2022-07-15,4248.53
2022-07-18,4217.51
2022-07-19,4238.82
2022-07-20,4269.97
2022-07-21,4236.05
2022-07-22,4207.31
2022-07-25,4201.92
2022-07-26,4214.53
2022-07-27,4217.28
2022-07-28,4223.03
2022-07-29,4160.87
2022-08-01,4129.45
2022-08-02,4071.43
2022-08-03,4058.18
2022-08-04,4064.66
2022-08-05,4097.86
2022-08-08,4135.08
2022-08-09,4131.43
2022-08-10,4092.55
2022-08-11,4116.06
2022-08-12,4175.05
2022-08-15,4174.3
2022-08-16,4170.52
2022-08-17,4155.17
2022-08-18,4173.54
2022-08-19,4151.07
2022-08-22,4134.2
2022-08-23,4147.41
2022-08-24,4079.09
2022-08-25,4058.75
2022-08-26,4102.68
2022-08-29,4059.6
2022-08-30,4048.52
2022-08-31,4046.62
2022-09-01,4041.13
2022-09-02,4004.91
2022-09-05,3982.74
2022-09-06,4009.58
2022-09-07,4028.37
2022-09-08,4036.02
2022-09-09,4042.25
2022-09-13,4097.14
2022-09-14,4047.92
2022-09-15,3998.86
2022-09-16,3932.68
2022-09-19,3910.31
2022-09-20,3921.69
2022-09-21,3884.23
2022-09-22,3860.23
2022-09-23,3829.69
2022-09-26,3827.95
2022-09-27,3827.93
2022-09-28,3828.05
2022-09-29,3808.65
2022-09-30,3801.28
2022-10-10,3715.71
2022-10-11,3706.06
2022-10-12,3661.53
2022-10-13,3749.64
2022-10-14,3780.84
2022-10-17,3809.12
2022-10-18,3831.17
2022-10-19,3776.53
2022-10-20,3726.79
2022-10-21,3724.69
2022-10-24,3619.99
2022-10-25,3594.7
2022-10-26,3633.31
2022-10-27,3631.06
2022-10-28,3533.5
2022-10-31,3495.95
2022-11-01,3517.62
2022-11-02,3610.8
2022-11-03,3628.5
2022-11-04,3646.77
2022-11-07,3746.37
2022-11-08,3723.34
2022-11-09,3711.27
2022-11-10,3665.06
2022-11-11,3747.09
2022-11-14,3781.78
2022-11-15,3775.5
2022-11-16,3829.31
2022-11-17,3776.57
2022-11-18,3801.57
2022-11-21,3734.0
2022-11-22,3751.04
2022-11-23,3753.21
2022-11-24,3751.38
2022-11-25,3743.41
2022-11-28,3672.13
2022-11-29,3766.57
2022-11-30,3833.83
2022-12-01,3893.87
2022-12-02,3865.88
2022-12-05,3900.67
2022-12-06,3923.0
2022-12-07,3944.18
2022-12-08,3941.3
2022-12-09,3944.44
2022-12-12,3950.32
2022-12-13,3939.98
2022-12-14,3935.77
2022-12-15,3926.5
2022-12-16,3929.49
2022-12-19,3878.44
2022-12-20,3811.48
2022-12-21,3821.4
2022-12-22,3821.34
2022-12-23,3805.95
2022-12-26,3827.52
2022-12-27,3856.58
2022-12-28,3854.94
2022-12-29,3838.48
2022-12-30,3868.76
2023-01-03,3831.25
2023-01-04,3873.65
2023-01-05,3912.26
2023-01-06,3966.47
2023-01-09,3990.71
2023-01-10,4002.23
2023-01-11,4008.02
2023-01-12,4003.51
2023-01-13,4027.89
2023-01-16,4076.64
2023-01-17,4118.16
2023-01-18,4125.77
2023-01-19,4105.98
2023-01-20,4161.67
2023-01-30,4197.86
2023-01-31,4153.05
2023-02-01,4137.77
2023-02-02,4170.56
2023-02-03,4103.17
2023-02-06,4065.22
2023-02-07,4077.96
2023-02-08,4072.65
2023-02-09,4064.75
2023-02-10,4092.35
2023-02-13,4092.27
2023-02-14,4125.26
2023-02-15,4115.97
2023-02-16,4068.86
2023-02-17,4032.93
2023-02-20,4035.48
2023-02-21,4116.27
2023-02-22,4101.86
2023-02-23,4088.21
2023-02-24,4048.24
2023-02-27,4034.52
2023-02-28,4026.45
2023-03-01,4061.22
2023-03-02,4113.83
2023-03-03,4100.38
2023-03-06,4088.45
2023-03-07,4046.57
2023-03-08,4011.52
2023-03-09,4000.89
2023-03-10,3966.43
2023-03-13,3962.64
2023-03-14,3946.94
2023-03-15,3986.9
2023-03-16,3936.48
2023-03-17,3945.25
2023-03-20,3935.02
2023-03-21,3948.16
2023-03-22,3986.71
2023-03-23,3984.0
2023-03-24,4017.0
2023-03-27,3987.03
2023-03-28,3994.6
2023-03-29,3992.67
2023-03-30,3983.9
2023-03-31,4039.96
2023-04-03,4059.06
2023-04-04,4080.07
2023-04-06,4078.4
2023-04-07,4092.18
2023-04-10,4099.05
2023-04-11,4083.49
2023-04-12,4090.28
2023-04-13,4059.57
2023-04-14,4075.2
2023-04-17,4089.51
2023-04-18,4138.46
2023-04-19,4118.63
2023-04-20,4094.0
2023-04-21,4031.91
2023-04-24,3967.91
2023-04-25,3925.44
2023-04-26,3934.66
2023-04-27,3942.82
2023-04-28,3993.26
2023-05-04,4001.13
2023-05-05,3998.39
2023-05-08,4018.96
2023-05-09,4026.39
2023-05-10,3984.63
2023-05-11,3988.48
2023-05-12,3937.53
2023-05-15,3923.03
2023-05-16,3966.99
2023-05-17,3945.71
2023-05-18,3939.55
2023-05-19,3928.32
2023-05-22,3935.8
2023-05-23,3913.19
2023-05-24,3859.09
2023-05-25,3817.84
2023-05-26,3815.57
2023-05-29,3819.18
2023-05-30,3789.27
2023-05-31,3781.4
2023-06-01,3786.73
2023-06-02,3821.62
2023-06-05,3832.46
2023-06-06,3802.84
2023-06-07,3780.1
2023-06-08,3777.78
2023-06-09,3811.22
2023-06-12,3813.86
2023-06-13,3833.46
2023-06-14,3862.06
2023-06-15,3871.77
2023-06-16,3928.54
2023-06-19,3922.47
2023-06-20,3918.47
2023-06-21,3864.03
2023-06-26,3801.05
2023-06-27,3806.32
2023-06-28,3808.16
2023-06-29,3817.38
2023-06-30,3813.55
2023-07-03,3853.29
2023-07-04,3878.4
2023-07-05,3864.13
2023-07-06,3836.46
2023-07-07,3819.08
2023-07-10,3831.92
2023-07-11,3844.52
2023-07-12,3838.56
2023-07-13,3855.66
2023-07-14,3893.79
2023-07-17,3852.26
2023-07-18,3844.51
2023-07-19,3830.41
2023-07-20,3818.71
2023-07-21,3808.8
2023-07-24,3798.8
2023-07-25,3866.64
2023-07-26,3893.4
2023-07-27,3894.69
2023-07-28,3886.55
2023-07-31,4002.08
2023-08-01,3983.03
2023-08-02,3958.51
2023-08-03,3962.13
2023-08-04,4011.62
2023-08-07,3977.02
2023-08-08,3963.46
2023-08-09,3961.84
2023-08-10,3945.39
2023-08-11,3884.25
2023-08-14,3814.07
2023-08-15,3811.68
2023-08-16,3817.63
2023-08-17,3782.5
2023-08-18,3784.0
2023-08-21,3729.56
2023-08-22,3704.68
2023-08-23,3695.03
2023-08-24,3701.57
2023-08-25,3695.84
2023-08-28,3740.53
2023-08-29,3742.08
2023-08-30,3780.24
2023-08-31,3762.0
2023-09-01,3778.91
2023-09-04,3804.59
2023-09-05,3814.33
2023-09-06,3790.89
2023-09-07,3756.85
2023-09-08,3724.99
2023-09-11,3734.72
2023-09-12,3755.42
2023-09-13,3719.11
2023-09-14,3717.31
2023-09-15,3699.38
2023-09-18,3691.11
2023-09-19,3702.69
2023-09-20,3705.13
2023-09-21,3672.44
2023-09-22,3664.77
2023-09-25,3711.2
2023-09-26,3692.62
2023-09-27,3694.39
2023-09-28,3685.3
2023-10-09,3642.0
2023-10-10,3655.59
2023-10-11,3658.36
2023-10-12,3682.84
2023-10-13,3652.31
2023-10-16,3615.77
2023-10-17,3619.13
2023-10-18,3608.98
2023-10-19,3532.31
2023-10-20,3501.73
2023-10-23,3450.65
2023-10-24,3453.1
2023-10-25,3500.92
2023-10-26,3478.05
2023-10-27,3494.55
2023-10-30,3554.02
2023-10-31,3554.58
2023-11-01,3564.64
2023-11-02,3553.74
2023-11-03,3558.53
2023-11-06,3600.63
2023-11-07,3606.3
2023-11-08,3591.82
2023-11-09,3601.37
2023-11-10,3576.1
2023-11-13,3562.77
2023-11-14,3568.88
2023-11-15,3596.92
2023-11-16,3572.36
2023-11-17,3547.03
2023-11-20,3545.1
2023-11-21,3575.68
2023-11-22,3544.42
2023-11-23,3529.94
2023-11-24,3534.0
2023-11-27,3492.86
2023-11-28,3501.11
2023-11-29,3482.24
2023-11-30,3481.45
2023-12-01,3452.17
2023-12-04,3459.61
2023-12-05,3393.81
2023-12-06,3382.95
2023-12-07,3369.77
2023-12-08,3383.45
2023-12-11,3346.89
2023-12-12,3406.1
2023-12-13,3369.61
2023-12-14,3350.76
2023-12-15,3339.52
2023-12-18,3314.91
2023-12-19,3313.19
2023-12-20,3297.37
2023-12-21,3283.99
2023-12-22,3315.9
2023-12-25,3330.33
2023-12-26,3315.94
2023-12-27,3309.67
2023-12-28,3331.21
2023-12-29,3409.58
2024-01-02,3386.35
2024-01-03,3362.66
2024-01-04,3323.86
2024-01-05,3313.55
2024-01-08,3283.34
2024-01-09,3273.84
2024-01-10,3268.25
2024-01-11,3266.79
2024-01-12,3279.7
2024-01-15,3261.27
2024-01-16,3260.44
2024-01-17,3229.08
2024-01-18,3171.63
2024-01-19,3251.81
2024-01-22,3193.18
2024-01-23,3188.13
2024-01-24,3190.47
2024-01-25,3269.79
2024-01-26,3315.13
2024-01-29,3303.96
2024-01-30,3244.97
2024-01-31,3201.93
2024-02-01,3191.9
2024-02-02,3108.35
2024-02-05,3111.52
2024-02-06,3182.82
2024-02-07,3289.67
2024-02-08,3336.98
2024-02-19,3364.14
2024-02-20,3380.1
2024-02-21,3383.69
2024-02-22,3448.41
2024-02-23,3472.97
2024-02-26,3445.39
2024-02-27,3437.44
2024-02-28,3450.26
2024-02-29,3437.9
2024-03-01,3503.46
2024-03-04,3519.76
2024-03-05,3519.08
2024-03-06,3545.1
2024-03-07,3522.9
2024-03-08,3511.58
2024-03-11,3542.28
2024-03-12,3574.21
2024-03-13,3563.37
2024-03-14,3545.61
2024-03-15,3533.68
2024-03-18,3573.4
2024-03-19,3577.19
2024-03-20,3568.43
2024-03-21,3575.03
2024-03-22,3522.84
2024-03-25,3525.76
2024-03-26,3518.6
2024-03-27,3502.79
2024-03-28,3489.39
2024-03-29,3516.88
2024-04-01,3551.58
2024-04-02,3568.75
2024-04-03,3558.87
2024-04-08,3535.77
2024-04-09,3518.86
2024-04-10,3490.05
2024-04-11,3484.93
2024-04-12,3470.06
2024-04-15,3473.5
2024-04-16,3503.62
2024-04-17,3498.03
2024-04-18,3547.6
2024-04-19,3529.32
2024-04-22,3528.02
2024-04-23,3499.98
2024-04-24,3495.65
2024-04-25,3505.2
2024-04-26,3531.96
2024-04-29,3578.76
2024-04-30,3604.39
2024-05-06,3645.74
2024-05-07,3648.38
2024-05-08,3628.7
2024-05-09,3630.41
2024-05-10,3641.76
2024-05-13,3634.6
2024-05-14,3646.71
2024-05-15,3624.0
2024-05-16,3626.33
2024-05-17,3627.45
2024-05-20,3677.44
2024-05-21,3665.15
2024-05-22,3667.09
2024-05-23,3633.51
2024-05-24,3599.67
2024-05-27,3603.71
2024-05-28,3605.92
2024-05-29,3602.82
2024-05-30,3586.75
2024-05-31,3579.92
2024-06-03,3567.87
2024-06-04,3580.28
2024-06-05,3594.11
2024-06-06,3584.17
2024-06-07,3552.09
2024-06-11,3525.89
2024-06-12,3531.57
2024-06-13,3520.18
2024-06-14,3503.52
2024-06-17,3520.74
2024-06-18,3532.78
2024-06-19,3524.84
2024-06-20,3500.13
2024-06-21,3473.83
2024-06-24,3471.22
2024-06-25,3440.65
2024-06-26,3442.3
2024-06-27,3452.58
2024-06-28,3443.67
2024-07-01,3443.81
2024-07-02,3464.52
2024-07-03,3454.99
2024-07-04,3444.93
2024-07-05,3399.67
2024-07-08,3395.91
2024-07-09,3384.81
2024-07-10,3423.65
2024-07-11,3438.12
2024-07-12,3457.36
2024-07-15,3460.79
2024-07-16,3464.37
2024-07-17,3486.22
2024-07-18,3475.72
2024-07-19,3493.07
2024-07-22,3494.01
2024-07-23,3439.88
2024-07-24,3408.41
2024-07-25,3383.8
2024-07-26,3388.66
2024-07-29,3388.84
2024-07-30,3352.8
2024-07-31,3364.03
2024-08-01,3419.19
2024-08-02,3380.96
2024-08-05,3343.32
2024-08-06,3318.63
2024-08-07,3329.97
2024-08-08,3320.84
2024-08-09,3331.63
2024-08-12,3319.89
2024-08-13,3310.19
2024-08-14,3309.1
2024-08-15,3297.97
2024-08-16,3335.62
2024-08-19,3343.71
2024-08-20,3321.64
2024-08-21,3307.99
2024-08-22,3305.25
2024-08-23,3305.64
2024-08-26,3311.57
2024-08-27,3299.56
2024-08-28,3274.59
2024-08-29,3269.53
2024-08-30,3273.65
2024-09-02,3264.76
2024-09-03,3261.19
2024-09-04,3249.98
2024-09-05,3247.17
2024-09-06,3231.07
2024-09-09,3180.93
2024-09-10,3171.79
2024-09-11,3174.03
2024-09-12,3171.88
2024-09-13,3159.25
2024-09-18,3145.79
2024-09-19,3149.79
2024-09-20,3173.22
2024-09-23,3198.02
2024-09-24,3222.49
2024-09-25,3393.44
2024-09-26,3391.68
2024-09-27,3596.58
2024-09-30,3796.5
2024-10-08,4094.35
2024-10-09,3942.51
2024-10-10,3912.77
2024-10-11,3847.12
2024-10-14,3868.78
2024-10-15,3855.99
2024-10-16,3805.09
2024-10-17,3787.75
2024-10-18,3765.16
2024-10-21,3896.17
2024-10-22,3917.52
2024-10-23,3939.1
2024-10-24,3914.09
2024-10-25,3921.94
2024-10-28,3917.2
2024-10-29,3921.58
2024-10-30,3864.31
2024-10-31,3859.11
2024-11-01,3879.96
2024-11-04,3891.21
2024-11-05,3925.41
2024-11-06,4002.5
2024-11-07,3984.67
2024-11-08,4094.16
2024-11-11,4048.04
2024-11-12,4060.79
2024-11-13,4059.59
2024-11-14,4034.94
2024-11-15,3968.83
2024-11-18,3931.19
2024-11-19,3896.75
2024-11-20,3958.34
2024-11-21,3966.07
2024-11-22,3865.7
2024-11-25,3812.32
2024-11-26,3833.28
2024-11-27,3817.91
2024-11-28,3866.01
2024-11-29,3869.89
2024-12-02,3902.17
2024-12-03,3922.84
2024-12-04,3917.75
2024-12-05,3910.08
2024-12-06,3923.9
2024-12-09,3948.42
2024-12-10,3988.97
2024-12-11,3977.35
2024-12-12,3981.35
2024-12-13,3931.74
2024-12-16,3901.65
2024-12-17,3908.13
2024-12-18,3933.97
2024-12-19,3899.75
2024-12-20,3923.26
2024-12-23,3928.15
2024-12-24,3934.73
2024-12-25,3969.48
2024-12-26,3965.55
2024-12-27,3970.94
2024-12-30,3976.7
2024-12-31,3934.91
2025-01-02,3796.34
2025-01-03,3767.67
2025-01-06,3743.07
2025-01-07,3749.06
2025-01-08,3731.19
2025-01-09,3768.68
2025-01-10,3732.48
2025-01-13,3704.11
2025-01-14,3718.88
2025-01-15,3790.17
2025-01-16,3776.29
2025-01-17,3780.21
2025-01-20,3821.98
2025-01-21,3817.12
2025-01-22,3783.14
2025-01-23,3801.85
2025-01-24,3793.48
2025-01-27,3817.08
2025-02-05,3785.16
2025-02-06,3788.32
2025-02-07,3833.87
2025-02-10,3878.83
2025-02-11,3872.91
2025-02-12,3867.35
2025-02-13,3904.98
2025-02-14,3900.83
2025-02-17,3921.7
2025-02-18,3901.87
2025-02-19,3904.15
2025-02-20,3916.18
2025-02-21,3927.79
2025-02-24,3949.23
2025-02-25,3915.65
2025-02-26,3925.37
2025-02-27,3933.46
2025-02-28,3886.4
2025-03-03,3872.59
2025-03-04,3855.73
2025-03-05,3877.02
2025-03-06,3917.08
2025-03-07,3935.05
2025-03-10,3905.13
2025-03-11,3889.43
2025-03-12,3921.47
2025-03-13,3897.38
2025-03-14,3919.62
2025-03-17,3992.26
2025-03-18,3995.96
2025-03-19,3989.51
2025-03-20,3969.93
2025-03-21,3904.77
2025-03-24,3907.2
2025-03-25,3921.53
2025-03-26,3916.86
2025-03-27,3903.65
2025-03-28,3907.38
2025-03-31,3872.4
2025-04-01,3882.4
2025-04-02,3877.16
2025-04-03,3843.42
2025-04-07,3514.12
2025-04-08,3583.87
2025-04-09,3587.34
2025-04-10,3708.82
2025-04-11,3708.46
2025-04-14,3754.03
2025-04-15,3737.85
2025-04-16,3721.6
2025-04-17,3749.5
2025-04-18,3754.41
2025-04-21,3763.14
2025-04-22,3778.08
2025-04-23,3780.52
2025-04-24,3775.21
2025-04-25,3780.78
2025-04-28,3772.8
2025-04-29,3768.03
2025-04-30,3768.76
2025-05-06,3782.78
2025-05-07,3814.99
2025-05-08,3816.26
2025-05-09,3836.53
2025-05-12,3859.03
2025-05-13,3890.69
2025-05-14,3890.65
2025-05-15,3904.91
2025-05-16,3874.86
2025-05-19,3866.57
2025-05-20,3881.74
2025-05-21,3899.44
2025-05-22,3903.09
2025-05-23,3882.27
2025-05-26,3849.04
2025-05-27,3834.85
2025-05-28,3833.96
2025-05-29,3831.46
2025-05-30,3829.25
2025-06-03,3832.72
2025-06-04,3855.49
2025-06-05,3861.27
2025-06-06,3869.39
2025-06-09,3871.99
2025-06-10,3850.47
2025-06-11,3870.67
2025-06-12,3870.38
2025-06-13,3853.82
2025-06-16,3853.62
2025-06-17,3860.41
2025-06-18,3854.66
2025-06-19,3834.95
2025-06-20,3839.78
2025-06-23,3827.08
2025-06-24,3862.39
2025-06-25,3902.18
2025-06-26,3945.26
2025-06-27,3918.2
2025-06-30,3911.6
2025-07-01,3924.72
2025-07-02,3929.7
2025-07-03,3945.14
2025-07-04,3958.38
2025-07-07,3956.57
2025-07-08,3965.43
2025-07-09,3987.43
2025-07-10,3992.52
2025-07-11,4010.11
2025-07-14,4017.67
2025-07-15,3994.26
2025-07-16,3993.92
2025-07-17,4005.07
2025-07-18,4039.32
2025-07-21,4063.44
2025-07-22,4068.34
2025-07-23,4113.91
2025-07-24,4111.88
2025-07-25,4117.8
2025-07-28,4112.97
2025-07-29,4117.58
2025-07-30,4127.43
2025-07-31,4063.67
2025-08-01,4040.46
2025-08-04,4037.94
2025-08-05,4075.58
2025-08-06,4098.35
2025-08-07,4094.82
2025-08-08,4097.42
2025-08-11,4103.61
2025-08-12,4121.22
2025-08-13,4147.2
2025-08-14,4165.94
2025-08-15,4157.5
2025-08-18,4203.42
2025-08-19,4215.21
2025-08-20,4190.56
2025-08-21,4273.65
2025-08-22,4287.36
2025-08-25,4404.78
2025-08-26,4435.53
2025-08-27,4386.13
2025-08-28,4364.17
2025-08-29,4452.36
2025-09-01,4487.53
2025-09-02,4454.42
2025-09-03,4427.52
2025-09-04,4327.51
2025-09-05,4350.3
2025-09-08,4438.07
2025-09-09,4412.69
2025-09-10,4414.59
2025-09-11,4427.92
2025-09-12,4517.79
2025-09-15,4522.5
2025-09-16,4494.79
2025-09-17,4503.8
2025-09-18,4454.99
2025-09-19,4491.84
2025-09-22,4487.13
2025-09-23,4459.73
2025-09-24,4494.11
2025-09-25,4558.84
2025-09-26,4550.05
2025-09-29,4541.43
2025-09-30,4616.22
2025-10-09,4651.99
2025-10-10,4600.96
2025-10-13,4490.87
2025-10-14,4520.93
2025-10-15,4526.83
2025-10-16,4586.28
2025-10-17,4509.33
2025-10-20,4520.5
2025-10-21,4547.93
2025-10-22,4567.24
2025-10-23,4541.69
2025-10-24,4622.79
2025-10-27,4687.69
2025-10-28,4679.23
2025-10-29,4697.27
2025-10-30,4706.45
2025-10-31,4640.67
2025-11-03,4595.73
2025-11-04,4595.07
2025-11-05,4558.76
2025-11-06,4642.01
2025-11-07,4666.04
2025-11-10,4654.21
2025-11-11,4648.49
2025-11-12,4620.99
2025-11-13,4643.79
2025-11-14,4628.02
2025-11-17,4580.26
2025-11-18,4552.8
2025-11-19,4568.04
2025-11-20,4560.18
2025-11-21,4453.18
2025-11-24,4421.81
2025-11-25,4467.35
2025-11-26,4485.7
2025-11-27,4509.86
2025-11-28,4492.43
2025-12-01,4531.29
2025-12-02,4539.43
2025-12-03,4523.5
2025-12-04,4514.19
2025-12-05,4535.02
2025-12-08,4592.74
2025-12-09,4584.25
2025-12-10,4549.08
2025-12-11,4547.14
2025-12-12,4530.78
2025-12-15,4548.44
2025-12-16,4484.27
2025-12-17,4498.93
2025-12-18,4544.14
2025-12-19,4546.85
2025-12-22,4587.67
2025-12-23,4607.8
2025-12-24,4602.14
2025-12-25,4621.92
2025-12-26,4635.11
2025-12-29,4629.06
2025-12-30,4616.63
2025-12-31,4622.1
2026-01-05,4661.62
2026-01-06,4718.01
2026-01-07,4751.07
2026-01-08,4717.01
2026-01-09,4719.13
2026-01-12,4737.57
2026-01-13,4745.52
2026-01-14,4720.25
2026-01-15,4720.94
2026-01-16,4715.36
2026-01-19,4715.09
2026-01-20,4684.97
2026-01-21,4714.24
2026-01-22,4700.45
2026-01-23,4684.62
2026-01-26,4693.16
2026-01-27,4675.64
2026-01-28,4697.91
2026-01-29,4696.05
2026-01-30,4645.47
2026-02-02,4601.76
2026-02-03,4578.21
2026-02-04,4641.84
2026-02-05,4639.43
2026-02-06,4606.64
2026-02-09,4679.9
2026-02-10,4713.87
2026-02-11,4703.69
2026-02-12,4707.74
2026-02-13,4658.4
2026-02-24,4698.35
2026-02-25,4713.34
2026-02-26,4706.69
2026-02-27,4692.89
2026-03-02,4667.28
2026-03-03,4651.4
2026-03-04,4575.82
2026-03-05,4630.3
2026-03-06,4612.79
2026-03-09,4548.97
2026-03-10,4648.79
2026-03-11,4674.71
2026-03-12,4654.31
2026-03-13,4659.5
